20,90.4
40,90.4
60,90.42
80,90.84
100,91.7
120,91.68
140,91.68
160,91.68
180,90.84
200,91.67
220,90.84
240,91.67
260,90.84
280,91.68
300,91.68
320,90.84
340,91.67
360,90.83
380,90.42
400,91.67
420,92.17
440,92.2
460,92.58
480,93.79
500,92.97
520,92.02
540,90
560,88.79
580,86.24
600,86.27
620,82.82
640,82.32
660,82.38
680,82.26
700,84.2
720,83.85
740,85.5
760,86.1
780,87.32
800,90
820,91.68
840,94.46
860,98.65
880,101.16
900,106.05
920,107.74
940,113.78
960,121.21
980,126.66
1000,133.32
1020,140.71
1040,146.88
1060,154.03
1080,161.14
1100,166.36
1120,171.82
1140,178.03
1160,182.29
1180,188.87
1200,190.99
1220,195.77
1240,198.13
1260,201.5
1280,204.68
1300,207.14
1320,211.23
1340,212.3
1360,212.91
1380,215.75
1400,214.45
1420,213.1
1440,214.39
1460,217.38
1480,217.49
1500,214.46
1520,213.33
1540,214.27
1560,220.34
1580,220.6
1600,217.76
1620,216.05
1640,211.26
1660,208.32
1680,204.42
1700,201.5
1720,199.15
1740,195.02
1760,192.64
1780,189.85
1800,188.33
1820,186.06
1840,183.67
1860,183.3
1880,179.62
1900,177.01
1920,175.46
1940,173.75
1960,171.43
1980,169.8
2000,166.9
2020,162.9
2040,163.95
2060,165.77
2080,168.39
2100,167.11
2120,168.19
2140,168.91
2160,168.76
2180,169.86
2200,169.8
2220,168.19
2240,168.69
2260,169.95
2280,170.31
2300,170.42
2320,173.54
2340,173.86
2360,172.57
2380,170.13
2400,171.77
2420,169.34
2440,172.22
2460,171.77
2480,171.97
2500,171.51
2520,168.03
2540,166.87
2560,165.53
2580,163.23
2600,162.26
2620,158.4
2640,157.04
2660,154.08
2680,149.53
2700,151.12
2720,150.21
2740,147.87
2760,144.88
2780,142.97
2800,143.88
2820,140.74
2840,137.19
2860,135.33
2880,136.29
2900,136.58
2920,137.24
2940,137.14
2960,135
2980,134.06
3000,134.69
3020,134.39
3040,135.31
3060,134.7
3080,135.62
3100,136.52
3120,132.69
3140,134.13
3160,136.79
3180,147.02
3200,124.95
3220,128.53
3240,130.12
3260,130.93
3280,132.27
3300,135.27
3320,129.56
3340,130.93
3360,131.36
3380,133.2
3400,133.7
3420,133.67
3440,134.49
3460,136.83
3480,136.3
3500,136.55
3520,136.58
3540,135.77
3560,136.85
3580,135.25
3600,148.04
3620,148.26
3640,138.34
3660,138.92
3680,138.67
3700,140.68
3720,140.53
3740,139.96
3760,141.76
3780,139.16
3800,136.56
3820,135.78
3840,136.64
3860,137.42
3880,136.85
3900,136.62
3920,136.07
3940,135.8
3960,136.07
3980,136.32
4000,135.8
4020,135.8
4040,135.54
4060,135.8
4080,136.32
4100,135.53
4120,135.8
4140,135.53
4160,135.53
4180,135.8
4200,135.53
4220,135.8
4240,135.8
4260,135.8
4280,135.8
4300,135.54
4320,135.54
4340,135.8
4360,135.8
4380,136.05
4400,135.53
4420,135.8
4440,135.8
4460,135.27
4480,135.8
4500,136.05
4520,136.05
4540,135.8
4560,135.27
4580,135.27
4600,135.54
4620,135.53
4640,135.27
4660,135.8
4680,135.53
4700,135.8
4720,135.8
4740,135.54
4760,135.54
4780,135.54
4800,135.8
4820,136.32
4840,136.32
4860,135.53
4880,135.54
4900,135.8
4920,136.32
4940,135.8
4960,135.54
4980,136.05
5000,135.53
5020,136.32
5040,136.07
5060,135.8
5080,135.8
5100,135.53
5120,136.32
5140,135.8
5160,135.78
5180,135.8
5200,135.54
5220,135.54
5240,135.27
5260,135.53
5280,135.8
5300,135.53
5320,135.54
5340,135.8
5360,135.8
5380,135.53
5400,135.8
5420,135.54
5440,135.81
5460,135.8
5480,135.8
5500,135.8
5520,135.26
5540,135.8
5560,135.8
5580,135.8
5600,135.8
5620,136.32
5640,135.26
5660,135.54
5680,135.54
5700,135.53
5720,135.8
5740,135.8
5760,136.07
5780,136.05
5800,135.53
5820,136.05
5840,135.81
5860,135.8
5880,135.8
5900,136.32
5920,135.8
5940,135.8
5960,135.53
5980,135.53
6000,135.8
6020,135.8
6040,135.54
6060,135.8
6080,135.8
6100,135.53
6120,135.8
6140,135.54
6160,136.07
6180,135.27
6200,135
6220,135
6240,134.73
6260,134.73
6280,133.14
6300,131.57
6320,129.32
6340,128.35
6360,127.57
6380,124.96
6400,123.58
6420,123.25
6440,122.62
6460,123.8
6480,123.69
6500,123.13
6520,123.36
6540,124.14
6560,124.02
6580,126.3
6600,126
6620,128.72
6640,133.03
6660,130.95
6680,128.44
6700,128.24
6720,130.33
6740,131.26
6760,131.3
6780,133.58
6800,136.12
6820,136.92
6840,137.4
6860,137.42
6880,138.95
6900,147.58
6920,139.17
6940,141.23
6960,142.31
6980,144.05
7000,142.99
7020,144.46
7040,145.62
7060,146.31
7080,147.2
7100,146.61
7120,148.97
7140,164.78
7160,140.37
7180,148.6
7200,149.41
7220,150.08
7240,150.08
7260,149.22
7280,151.65
7300,152.78
7320,151.12
7340,148.78
7360,148.78
7380,145.78
7400,144.3
7420,145.39
7440,149.45
7460,147.42
7480,144.9
7500,145.38
7520,145.35
7540,147.87
7560,146.43
7580,144.27
7600,145.07
7620,144.85
7640,142.67
7660,142.06
7680,142.59
7700,142.59
7720,142.9
7740,145.88
7760,147.59
7780,150.68
7800,154.76
7820,154.41
7840,161.93
7860,162.16
7880,162.58
7900,163.71
7920,164.4
7940,165.79
7960,166.9
7980,167.74
8000,169.23
8020,168.62
8040,168.98
8060,170.12
8080,169.99
8100,168.55
8120,166.84
8140,166.87
8160,168.69
8180,167.1
8200,168.85
8220,171.81
8240,166.59
8260,166.64
8280,166.82
8300,162.54
8320,163.71
8340,163.63
8360,162.32
8380,162.11
8400,162.12
8420,161.89
8440,162.9
8460,162.22
8480,163.2
8500,165.05
8520,165.55
8540,166.64
8560,168.35
8580,168.2
8600,168.41
8620,168.55
8640,168.62
8660,168.55
8680,167.98
8700,169.11
8720,168.55
8740,168.42
8760,169.63
8780,170.71
8800,169.82
8820,169.63
8840,169.82
8860,169.88
8880,172.22
8900,174.59
8920,174.06
8940,173.88
8960,173.88
8980,172.87
9000,172.63
9020,172.71
9040,171.45
9060,170.98
9080,171.25
9100,171.4
9120,167.93
9140,165.17
9160,164.57
9180,160.19
9200,157.12
9220,155.79
9240,154.23
9260,145.62
9280,136.26
9300,130.13
9320,124.53
9340,119.05
9360,114.16
9380,109.84
9400,107.26
9420,104.88
9440,104.04
9460,102.9
9480,102.71
9500,103.73
9520,103.73
9540,103.63
9560,103.74
9580,102.3
9600,101.89
9620,101.31
9640,102.06
9660,102.15
9680,102
9700,102.53
9720,102.19
9740,102.8
9760,103.73
9780,103.83
9800,102.77
9820,103.29
9840,103.27
9860,102.58
9880,105.33
9900,102.96
9920,102.86
9940,101.91
9960,100.7
9980,101.05
10000,100.03
10020,102.34
10040,106.46
10060,111.64
10080,116.57
10100,127.87
10120,139.59
10140,169.15
10160,148.78
10180,141.61
10200,161.57
10220,168.16
10240,171.59
10260,173.12
10280,173.23
10300,173.45
10320,172.6
10340,174.36
10360,173.37
10380,170.91
10400,171.18
10420,171.45
10440,171.18
10460,171.4
10480,171.25
10500,169.58
10520,162.95
10540,165.34
10560,162.59
10580,158.38
10600,152.99
10620,141.21
10640,122.51
10660,94.9
10680,85.88
10700,78.88
10720,74.25
10740,70.71
10760,70.2
10780,69.34
10800,69.5
10820,68.93
10840,69.75
10860,72.01
10880,74.25
10900,78.5
10920,82.07
10940,87.97
10960,98.84
10980,115.17
11000,132.05
11020,136.19
11040,147.17
11060,156.04
11080,169.59
11100,182.95
11120,192.75
11140,191.43
11160,191.53
11180,187.19
11200,188.67
11220,188.71
11240,191.62
11260,192.13
11280,192.88
11300,193.39
11320,192.88
11340,191.51
11360,194.66
11380,192.95
11400,191.09
11420,190.99
11440,191.51
11460,192.69
11480,195.03
11500,197.14
11520,197.47
11540,197.14
11560,198.27
11580,197.6
11600,196.65
11620,194.66
11640,195.44
11660,195.03
11680,199.94
11700,201.39
11720,198.91
11740,198.75
11760,196.84
11780,198.43
11800,193.92
11820,194.55
11840,199.54
11860,207.53
11880,207.01
11900,204.16
11920,200.83
11940,201.1
11960,200.18
11980,199.03
12000,198.58
12020,198.58
12040,198.43
12060,198.58
12080,198.14
12100,198.58
12120,198.89
12140,197.69
12160,198.43
12180,197.69
12200,198.58
12220,198.43
12240,199.03
12260,199.33
12280,199.03
12300,198.14
12320,198.58
12340,198.43
12360,199.03
12380,199.03
12400,199.03
12420,199.03
12440,198.43
12460,198.43
12480,198.58
12500,199.03
12520,199.03
12540,198.87
12560,199.03
12580,198.58
12600,198.43
12620,198.58
12640,198.43
12660,198.58
12680,198.87
12700,199.03
12720,199.03
12740,199.03
12760,198.14
12780,198.43
12800,199.03
12820,199.33
12840,198.58
12860,199.03
12880,198.58
12900,198.43
12920,198.14
12940,198.58
12960,199.03
12980,199.33
13000,198.14
13020,198.58
13040,198.14
13060,198.43
13080,197.98
13100,198.43
13120,198.58
13140,198.58
13160,198.58
13180,198.43
13200,197.99
13220,198.58
13240,198.58
13260,199.03
13280,199.03
13300,198.58
13320,198.43
13340,198.58
13360,198.14
13380,198.58
13400,198.58
13420,199.03
13440,199.03
13460,198.14
13480,198.58
13500,199.03
13520,198.58
13540,198.87
13560,199.33
13580,197.99
13600,198.43
13620,198.58
13640,198.43
13660,199.33
13680,198.58
13700,198.89
13720,198.14
13740,198.58
13760,198.58
13780,199.03
13800,198.58
13820,199.03
13840,199.03
13860,198.58
13880,199.03
13900,198.43
13920,199.03
13940,198.43
13960,198.43
13980,198.58
14000,198.58
14020,198.58
14040,198.43
14060,198.58
14080,198.58
14100,198.43
14120,198.58
14140,198.43
14160,198.58
14180,198.43
14200,198.58
14220,199.03
14240,199.33
14260,199.03
14280,199.03
14300,198.58
14320,196.79
14340,195.3
14360,193.8
14380,190.92
14400,188.63
14420,187.39
14440,190.76
14460,190.41
14480,189.65
14500,190.45
14520,187.13
14540,183.71
14560,184.36
14580,183.74
14600,184.81
14620,184.24
14640,188.71
14660,186.62
14680,187.67
14700,181.81
14720,172.02
14740,171.8
14760,164.83
14780,159.18
14800,155.43
14820,147
14840,147.53
14860,137.22
14880,141.44
14900,127.98
14920,122.52
14940,115.56
14960,111.31
14980,107.76
15000,102.36
15020,101.52
15040,102.02
15060,99.64
15080,97.52
15100,94.89
15120,91.02
15140,90
15160,90.49
15180,87.95
15200,83.38
15220,82.81
15240,80.89
15260,79.8
15280,78.23
15300,76.76
15320,77.35
15340,88.11
15360,98.21
15380,98.13
15400,97.55
15420,83.29
15440,83.75
15460,78.11
15480,61.31
15500,66.7
15520,69.44
15540,71.57
15560,74.41
15580,81.6
15600,84.47
15620,86.42
15640,90.6
15660,95.36
15680,99.16
15700,99.14
15720,107.06
15740,110.32
15760,125.84
15780,132.78
15800,140.11
15820,148.06
15840,153.43
15860,162.12
15880,171.21
15900,187.59
15920,215.81
15940,167.07
15960,87.38
15980,162.6
16000,184.4
16020,191.51
16040,194.89
16060,200.22
16080,207.03
16100,211.74
16120,213.83
16140,215.54
16160,216.5
16180,219.92
16200,219.62
16220,220.24
16240,220.35
16260,221.14
16280,218.52
16300,220.96
16320,222.54
16340,222.56
16360,222.54
16380,221.48
16400,220.26
16420,220.31
16440,220.21
16460,220.21
16480,221.31
16500,220.26
16520,218.46
16540,220.65
16560,219.47
16580,219.98
16600,220.21
16620,208.1
16640,215.12
16660,218.93
16680,219.47
16700,220.03
16720,221.31
16740,225
16760,217.16
16780,217.95
16800,218.11
16820,218.59
16840,218.23
16860,218.23
16880,218.87
16900,218.23
16920,218.59
16940,218.59
16960,218.87
16980,218.87
17000,218.59
17020,219.23
17040,218.94
17060,218.59
17080,218.59
17100,218.59
17120,218.59
17140,218.59
17160,218.59
17180,218.59
17200,219.23
17220,218.94
17240,218.59
17260,218.23
17280,218.23
17300,219.23
17320,218.59
17340,218.59
17360,218.59
17380,218.87
17400,218.94
17420,218.94
17440,218.87
17460,218.52
17480,218.52
17500,218.52
17520,219.23
17540,217.14
17560,216.78
17580,217.15
17600,217.06
17620,215.96
17640,214.88
17660,216.4
17680,214.36
17700,214.48
17720,211.05
17740,209.05
17760,208.1
17780,203.2
17800,197.14
17820,194.42
17840,187.91
17860,181.07
17880,170.06
17900,160.59
17920,154.54
17940,144.11
17960,134.54
17980,125.98
18000,119.9
18020,112.38
18040,106.53
18060,97.63
18080,89.43
18100,80.63
18120,73.7
18140,70.94
18160,67.31
18180,66.8
18200,68.11
18220,66.4
18240,65.71
18260,63.64
18280,62.1
18300,62.05
18320,60.56
18340,59.78
18360,59.78
18380,60.9
18400,59.42
18420,57.33
18440,57.84
18460,54.88
18480,55.24
18500,56.05
18520,54.85
18540,58.88
18560,57.35
18580,56.89
18600,61.73
18620,56.31
18640,55.8
18660,56.31
18680,55.9
18700,58.71
18720,56.45
18740,57.14
18760,52.94
18780,56.18
18800,55.39
18820,56.94
18840,57.84
18860,56.31
18880,57.35
18900,54.97
18920,52.64
18940,54.01
18960,52.36
18980,48.99
19000,51.34
19020,50.81
19040,49.67
19060,49.71
19080,46.78
19100,44.27
19120,47.94
19140,48.68
19160,45
19180,46.6
19200,47.29
19220,45.97
19240,47.32
19260,44.65
19280,45.97
19300,47.07
19320,45.34
19340,38.88
19360,44.11
19380,42.1
19400,43.75
19420,49.4
19440,51.63
19460,52.08
19480,53.94
19500,57.89
19520,56.31
19540,58.53
19560,63.43
19580,66.99
19600,64.89
19620,62.49
19640,60.26
19660,60.95
19680,56.95
19700,53.89
19720,52.94
19740,56.57
19760,58.57
19780,59.87
19800,61.35
19820,64.26
19840,63.43
19860,67.15
19880,65.65
19900,65.84
19920,68.63
19940,71.22
19960,69.5
19980,67.92
20000,65.98
20020,64.09
20040,62.03
20060,66.86
20080,67.8
20100,64.38
20120,62.97
20140,61.77
20160,60.9
20180,62.76
20200,62.76
20220,62.61
20240,62.37
20260,65.05
20280,65.05
20300,64.46
20320,63.83
20340,63.01
20360,64.95
20380,64.75
20400,62.98
20420,62.02
20440,60.99
20460,60.72
20480,63.63
20500,65.01
20520,64.11
20540,64.04
20560,61.64
20580,57.56
20600,56.31
20620,57.75
20640,57.49
20660,57.84
20680,58.95
20700,57.89
20720,58.14
20740,60.31
20760,59.12
20780,63.04
20800,62.8
20820,58.95
20840,58.46
20860,56.31
20880,58.95
20900,60.49
20920,60.26
20940,61.61
20960,60.54
20980,60.8
21000,57.3
21020,55.78
21040,54.69
21060,52.94
21080,53.87
21100,56.84
21120,56.74
21140,58.43
21160,60.64
21180,60.45
21200,59.86
21220,62.05
21240,61.31
21260,60.64
21280,59.59
21300,65.3
21320,66.37
21340,63.19
21360,61.63
21380,64.54
21400,67.3
21420,64.63
21440,65.51
21460,68.81
21480,69.64
21500,68.61
21520,67.8
21540,65.98
21560,64.98
21580,62.4
21600,58.82
21620,63.71
21640,63.43
21660,60.26
21680,59.98
21700,57.53
21720,57.09
21740,55.55
21760,51.26
21780,46.36
21800,42.31
21820,41.75
21840,36.25
21860,37.07
21880,40.66
21900,42.88
21920,40.16
21940,40.55
21960,38.73
21980,38.16
22000,39.81
22020,42.12
22040,45.31
22060,34.78
22080,34.19
22100,51.95
22120,43.36
22140,50.08
22160,42.63
22180,45
22200,44.35
22220,36.03
22240,36.53
22260,40.33
22280,38.25
22300,36.09
22320,38.59
22340,42.08
22360,39.81
22380,35.1
22400,35.31
22420,41.6
22440,42.02
22460,42.56
22480,41
22500,43.48
22520,42.08
22540,41.8
22560,41.6
22580,38.78
22600,39.6
22620,37.84
22640,41.5
22660,36.87
22680,36.87
22700,33.81
22720,35.49
22740,34.55
22760,34.32
22780,31.72
22800,27.97
22820,25.48
22840,30.01
22860,31.35
22880,26.57
22900,27.24
22920,33.69
22940,30.71
22960,24.2
22980,42.38
23000,38.84
23020,30.72
23040,30.09
23060,32.01
23080,29.8
23100,28.73
23120,32.25
23140,32.65
23160,35.33
23180,33.69
23200,31.81
23220,30.47
23240,31.95
23260,33.95
23280,28.1
23300,35.82
23320,32.91
23340,37.87
23360,41.05
23380,43.65
23400,52.21
23420,56.19
23440,54.89
23460,56.18
23480,56.58
23500,59.04
23520,59.04
23540,55.05
23560,57.24
23580,58.2
23600,58.64
23620,56.18
23640,52.37
23660,54.63
23680,54.97
23700,56.85
23720,57.41
23740,56.87
23760,58.95
23780,59.46
23800,60.75
23820,61.56
23840,60.32
23860,61.19
23880,65.16
23900,68.29
23920,77.47
23940,69.03
23960,67.14
23980,66.37
24000,64.15
24020,62.97
24040,64.52
24060,66.61
24080,66.4
24100,67.31
24120,67.38
24140,70.92
24160,71.57
24180,71.4
24200,72.62
24220,74.7
24240,73.53
24260,73.58
24280,72.22
24300,73.44
24320,72.53
24340,73.58
24360,73.92
24380,75.23
24400,72.53
24420,61.56
24440,70.73
24460,71.57
24480,68.67
24500,67.22
24520,66.87
24540,68.59
24560,70.56
24580,70.1
24600,75
24620,67.14
24640,67.71
24660,66.87
24680,68.29
24700,71.22
24720,69.17
24740,81.87
24760,81.62
24780,72.74
24800,72.26
24820,108.3
24840,70.38
24860,69.12
24880,72.45
24900,72.26
24920,73.83
24940,71.91
24960,70.56
24980,70.87
25000,71.39
25020,73.3
25040,74.13
25060,74.97
25080,74.19
25100,73.11
25120,71.88
25140,74.05
25160,74.97
25180,76.7
25200,78.29
25220,77.57
25240,78.01
25260,85.28
25280,75.72
25300,77.36
25320,80.36
25340,84.4
25360,85.88
25380,80.54
25400,81.66
25420,83.26
25440,83.35
25460,83.66
25480,85.88
25500,85.24
25520,88.03
25540,88.51
25560,90.51
25580,88.51
25600,88.04
25620,90
25640,90.56
25660,89.42
25680,96.1
25700,95.34
25720,96.4
25740,96.2
25760,94.17
25780,95.09
25800,99.56
25820,101.31
25840,101.79
25860,98.79
25880,95.6
25900,98.13
25920,98.97
25940,100.08
25960,99.87
25980,99.76
26000,101.08
26020,104.18
26040,104.34
26060,103.61
26080,110.49
26100,113.52
26120,111.12
26140,111.91
26160,114.81
26180,110.88
26200,111.7
26220,109.16
26240,115.05
26260,113.13
26280,112.75
26300,113.43
26320,113.34
26340,112.11
26360,106.17
26380,109.73
26400,109.37
26420,111.28
26440,111.08
26460,110.03
26480,115.32
26500,116.1
26520,113.52
26540,114.71
26560,109.9
26580,115.2
26600,130.6
26620,115.44
26640,113.66
26660,113.13
26680,113.54
26700,106.7
26720,110.92
26740,109.94
26760,103.12
26780,97.41
26800,90.73
26820,93.01
26840,95.65
26860,96.54
26880,96.4
26900,95.65
26920,92.73
26940,93.33
26960,92.83
26980,91.17
27000,87.78
27020,89.43
27040,92.36
27060,91.09
27080,94
27100,95.1
27120,97.13
27140,93.64
27160,93.81
27180,96.4
27200,89.56
27220,92.08
27240,90
27260,91.04
27280,87.3
27300,85.84
27320,83.66
27340,81.03
27360,82.87
27380,90.6
27400,90
27420,74.79
27440,71.8
27460,85.33
27480,81.62
27500,87.22
27520,83.66
27540,85.95
27560,87.4
27580,88.44
27600,90
27620,90.54
27640,85.72
27660,89.48
27680,85.41
27700,88.39
27720,90
27740,87.22
27760,88.28
27780,83.29
27800,85.43
27820,87.32
27840,78.97
27860,86.82
27880,84.4
27900,81.61
27920,90
27940,86.79
27960,86.82
27980,85.88
28000,87.47
28020,95.71
28040,93.09
28060,95.19
28080,89.37
28100,85.47
28120,92.53
28140,90.56
28160,93.95
28180,88.11
28200,90
28220,91.01
28240,88.11
28260,92.16
28280,92.83
28300,98.4
28320,100.82
28340,82.06
28360,80.09
28380,87.44
28400,91.17
28420,86.93
28440,90.56
28460,80.91
28480,81.62
28500,75.96
28520,90.67
28540,76.41
28560,82.75
28580,95.71
28600,93.61
28620,96.99
28640,99.46
28660,93.81
28680,93.89
28700,101.31
28720,100.11
28740,99.91
28760,98.06
28780,97.63
28800,99.91
28820,100.55
28840,99.76
28860,95.3
28880,92.27
28900,95.14
28920,96.22
28940,100.2
28960,100.76
28980,100.01
29000,99.91
29020,100.01
29040,100.99
29060,102.34
29080,98.91
29100,97.52
29120,98.91
29140,98.29
29160,101.77
29180,101.2
29200,100.04
29220,99.55
29240,97.77
29260,97.77
29280,98.43
29300,98.28
29320,97.19
29340,99.64
29360,100.26
29380,100.16
29400,99.55
29420,98.58
29440,97.77
29460,99.46
29480,99.29
29500,99.55
29520,98.43
29540,98.43
29560,98.43
29580,99.29
29600,99.29
29620,98.28
29640,98.43
29660,98.43
29680,99.29
29700,99.29
29720,99.21
29740,99.29
29760,99.29
29780,99.29
29800,99.29
29820,99.46
29840,97.98
29860,97.98
29880,97.91
29900,98.28
29920,99.29
29940,99.21
29960,98.28
29980,98.43
30000,97.91
30020,98.28
30040,99.21
30060,98.28
30080,98.43
30100,98.43
30120,98.43
30140,98.28
30160,98.28
30180,98.13
30200,98.06
30220,97.85
30240,97.85
30260,97.37
30280,99.55
30300,98.2
30320,97.25
30340,95.46
30360,99.63
30380,101.31
30400,103.67
30420,105.49
30440,105.44
30460,105.52
30480,107.42
30500,107.93
30520,108.26
30540,110.62
30560,111.25
30580,111.91
30600,112.38
30620,113.59
30640,114.02
30660,111.04
30680,111.57
30700,113.04
30720,111.7
30740,110.81
30760,112.58
30780,111.8
30800,112.58
30820,115.17
30840,112.27
30860,113.66
30880,109.41
30900,109.69
30920,107.76
30940,110.7
30960,110.49
30980,109.16
31000,110.08
31020,117.28
31040,107.29
31060,111.35
31080,114.54
31100,110.68
31120,109.57
31140,109.57
31160,107.15
31180,103.42
31200,111.91
31220,108.26
31240,110.12
31260,110.03
31280,110.68
31300,111.19
31320,108.94
31340,108.09
31360,112.11
31380,110.3
31400,113.91
31420,113.41
31440,112.32
31460,113.2
31480,108.26
31500,110.28
31520,113.43
31540,107.58
31560,105.52
31580,119.43
31600,115.8
31620,107.35
31640,104.93
31660,108.26
31680,109.18
31700,108.99
31720,106.1
31740,108.62
31760,109.5
31780,111.19
31800,112.66
31820,111.04
31840,107.74
31860,108.79
31880,110.62
31900,110.08
31920,106.93
31940,107.86
31960,108.82
31980,107.32
32000,112.75
32020,108.26
32040,108.26
32060,106.19
32080,107.32
32100,109.57
32120,107.5
32140,110.99
32160,108.84
32180,108.25
32200,109.93
32220,107.35
32240,111.19
32260,111.31
32280,113.79
32300,108.43
32320,111.12
32340,109.16
32360,112.44
32380,112.13
32400,112.66
32420,113.36
32440,111.08
32460,116.05
32480,119.39
32500,117.32
32520,113.85
32540,114.02
32560,117.87
32580,113.9
32600,114.15
32620,113.9
32640,112.89
32660,112.75
32680,115.8
32700,116.05
32720,113.13
32740,112.91
32760,111.7
32780,113.41
32800,111.31
32820,111.31
32840,107.24
32860,107.88
32880,110.77
32900,106.93
32920,106.36
32940,106.7
32960,106.7
32980,107.84
33000,106.93
33020,107.65
33040,108.43
33060,107.28
33080,106.53
33100,107.24
33120,107.65
33140,105.87
33160,105.35
33180,107.65
33200,111.35
33220,115.2
33240,115.6
33260,115.32
33280,115.54
33300,114.49
33320,113.43
33340,113.36
33360,113.59
33380,112.35
33400,113.36
33420,112.35
33440,112.35
33460,112.8
33480,113.36
33500,112.35
33520,113.36
33540,112.89
33560,112.89
33580,112.8
33600,112.35
33620,112.35
33640,112.35
33660,112.8
33680,111.25
33700,112.35
33720,111.25
33740,111.25
33760,112.8
33780,112.35
33800,112.35
33820,111.25
33840,112.35
33860,111.25
33880,111.69
33900,111.69
33920,112.8
33940,111.69
33960,110.7
33980,110.14
34000,108.25
34020,108.25
34040,107.68
34060,106.19
34080,107.1
34100,106.76
34120,105.71
34140,106.7
34160,105.71
34180,106.93
34200,104.31
34220,106.81
34240,104.74
34260,105.95
34280,106.7
34300,109.13
34320,106.95
34340,108.27
34360,109.94
34380,111.08
34400,108.6
34420,109.32
34440,109.5
34460,111.04
34480,111.69
34500,110.49
34520,113.52
34540,117.96
34560,123.16
34580,126.25
34600,130.67
34620,135
34640,141.34
34660,120.49
34680,187.18
34700,138.23
34720,232.36
34740,231.28
34760,203.81
34780,139.55
34800,164.52
34820,204.41
34840,238.11
34860,275.11
34880,227.94
34900,283.03
34920,258.57
34940,183.9
34960,257.96
34980,214.38
35000,214.27
35020,229.55
35040,203.83
35060,221.79
35080,224.22
35100,218.03
35120,199.12
35140,178.41
35160,218.16
35180,308.66
35200,289.78
35220,215.27
35240,218.35
35260,241.44
35280,206.08
35300,191
35320,190.6
35340,163.87
35360,293.28
35380,198.99
35400,158.11
35420,255.86
35440,244.95
35460,158.54
35480,182.71
35500,203.51
35520,247.75
35540,288.6
35560,295.35
35580,194.5
35600,179.18
35620,220.01
35640,206.17
35660,199.58
35680,223.4
35700,190.74
35720,174.49
35740,141.55
35760,245.35
35780,182.42
35800,247.03
35820,252.2
35840,258.69
35860,229.73
35880,181.57
35900,180
35920,178.61
35940,195.79
35960,185.19
35980,255.12
36000,263.99
36020,235.01
36040,256.65
36060,196.06
36080,204.44
36100,166.29
36120,221.23
36140,236.62
36160,191.44
36180,218.16
36200,260.91
36220,221.33
36240,212.97
36260,208.43
36280,208.83
36300,205.05
36320,203.27
36340,205.62
36360,198.43
36380,191.31
36400,187.56
36420,182.86
36440,175.29
36460,169.3
36480,163.89
36500,154.8
36520,149.88
36540,143.01
36560,137.12
36580,133.65
36600,126.03
36620,121.88
36640,118.81
36660,118.38
36680,111.7
36700,111.31
36720,109.32
36740,108.79
36760,107.93
36780,110.9
36800,122.51
36820,123.38
36840,116.86
36860,106.43
36880,109.54
36900,101.75
36920,107.1
36940,108.06
36960,110.14
36980,111.91
37000,109.13
37020,108.62
37040,111.19
37060,107.02
37080,112.23
37100,108.79
37120,109.54
37140,105.95
37160,108.06
37180,107.65
37200,108.99
37220,109.03
37240,103.5
37260,110.1
37280,108.24
37300,109.44
37320,106.76
37340,106.65
37360,109.69
37380,109.73
37400,111.04
37420,109.16
37440,105.05
37460,106.42
37480,111.25
37500,107.58
37520,108.99
37540,105.87
37560,103.61
37580,104.47
37600,107.84
37620,102.95
37640,91.53
37660,109.06
37680,115.13
37700,111.12
37720,108.82
37740,110.47
37760,128.29
37780,109.69
37800,111.69
37820,111.69
37840,112.86
37860,111.12
37880,113.37
37900,111.68
37920,119.12
37940,111.69
37960,111.69
37980,109.18
38000,112.86
38020,112.15
38040,114.65
38060,102.99
38080,111.57
38100,117.5
38120,106.7
38140,120.96
38160,115.77
38180,108.08
38200,113.63
38220,112.8
38240,112.28
38260,111.8
38280,116.87
38300,113.37
38320,115.02
38340,126.57
38360,113.82
38380,117.93
38400,115.75
38420,117.55
38440,118.94
38460,115.05
38480,119.82
38500,135.52
38520,121.64
38540,113.36
38560,119.59
38580,121.46
38600,125.48
38620,114.39
38640,115.17
38660,116.29
38680,118.42
38700,117.07
38720,117.32
38740,119.96
38760,123.38
38780,120.56
38800,120.09
38820,119.54
38840,119.17
38860,119.29
38880,124.33
38900,115.49
38920,115.54
38940,119.43
38960,119
38980,118.61
39000,118.87
39020,115.38
39040,123.2
39060,118.42
39080,121.94
39100,127.72
39120,119.74
39140,123.18
39160,121.43
39180,118.87
39200,117.93
39220,117.39
39240,120.67
39260,119.74
39280,117.87
39300,117.12
39320,112.11
39340,113.52
39360,112.75
39380,110.7
39400,113.2
39420,109.37
39440,105.49
39460,104.18
39480,107.35
39500,105.55
39520,102.71
39540,101.31
39560,103.34
39580,103.37
39600,103.61
39620,102.83
39640,102.22
39660,101.63
39680,101.09
39700,100.62
39720,99.91
39740,98.21
39760,97.89
39780,97.97
39800,97.97
39820,95.82
39840,93.24
39860,93.5
39880,92.65
39900,90
39920,89.42
39940,94.33
39960,99.63
39980,90.87
40000,94.64
40020,89.46
40040,85.88
40060,83.26
40080,84.66
40100,82.44
40120,78.38
40140,83.35
40160,78.89
40180,77.64
40200,77.98
40220,75.71
40240,77.59
40260,78.79
40280,73.25
40300,74.51
40320,75.31
40340,77.29
40360,77.24
40380,78.29
40400,76.79
40420,77.11
40440,74.7
40460,73.03
40480,72.62
40500,71.86
40520,71.88
40540,72.33
40560,71.86
40580,72.03
40600,71.26
40620,70.02
40640,71.24
40660,67.75
40680,68.78
40700,70.31
40720,69.38
40740,69.03
40760,63.66
40780,72.37
40800,79.32
40820,71.41
40840,70.59
40860,70.1
40880,66.94
40900,69.75
40920,72.94
40940,74.36
40960,75.07
40980,75.07
41000,70.76
41020,62.38
41040,63.01
41060,68.57
41080,68.67
41100,69.32
41120,67.62
41140,67.73
41160,66.4
41180,67.14
41200,68.39
41220,67.73
41240,67.73
41260,67.73
41280,67.73
41300,67.92
41320,68.2
41340,67
41360,66.54
41380,66.34
41400,66.34
41420,65.89
41440,65.47
41460,65.64
41480,65.64
41500,65.84
41520,65.64
41540,65.64
41560,64.54
41580,64.75
41600,64.31
41620,64.52
41640,65.64
41660,64.54
41680,65.43
41700,66.09
41720,65.43
41740,66.09
41760,65.64
41780,64.54
41800,64.75
41820,65.64
41840,66.04
41860,66.43
41880,67.93
41900,69.03
41920,66.8
41940,66.09
41960,66.74
41980,67
42000,67
42020,67.92
42040,66.8
42060,66.8
42080,66.8
42100,66.34
42120,65.89
42140,66.34
42160,66.34
42180,67
42200,66.8
42220,67.19
42240,66.34
42260,66.34
42280,66.8
42300,67
42320,66.54
42340,67.92
42360,66.8
42380,67.73
42400,67.73
42420,67.73
42440,66.34
42460,66.4
42480,66.34
42500,66.34
42520,66.34
42540,66.4
42560,66.54
42580,67
42600,68.11
42620,67.19
42640,67.19
42660,66.8
42680,67.92
42700,67.92
42720,67.92
42740,67.73
42760,67.73
42780,67.92
42800,67.92
42820,66.8
42840,66.34
42860,67
42880,66.34
42900,66.8
42920,66.54
42940,67
42960,67.92
42980,68.11
43000,67
43020,67.92
43040,67.73
43060,66.8
43080,67
43100,67.34
43120,66.4
43140,66.4
43160,66.8
43180,66.34
43200,66.34
43220,66.8
43240,67.73
43260,67
43280,67.92
43300,67
43320,66.54
43340,67
43360,67
43380,67.92
43400,67.92
43420,68.39
43440,68.2
43460,67.73
43480,67.34
43500,66.4
43520,66.4
43540,66.8
43560,66.54
43580,68.57
43600,69.5
43620,68.78
43640,67.34
43660,66.34
43680,68.39
43700,67.92
43720,67.92
43740,67.73
43760,68.2
43780,67.73
43800,67.73
43820,66.4
43840,67.34
43860,67.82
43880,68.29
43900,67.34
43920,67.82
43940,67.34
43960,67.62
43980,67.34
44000,67.34
44020,67.62
44040,67.82
44060,68.67
44080,69.15
44100,69.15
44120,68.67
44140,67.82
44160,68.1
44180,67.62
44200,67.34
44220,67.62
44240,67.82
44260,68.67
44280,68.67
44300,68.29
44320,69.15
44340,69.15
44360,68.78
44380,69.75
44400,69.15
44420,68.29
44440,69.75
44460,68.78
44480,68.29
44500,68.59
44520,68.1
44540,68.1
44560,68.1
44580,67.82
44600,67.62
44620,68.29
44640,67.82
44660,68.67
44680,68.67
44700,69.15
44720,69.15
44740,69.15
44760,68.78
44780,69.15
44800,68.67
44820,68.1
44840,68.1
44860,67.82
44880,67.62
44900,67.82
44920,67.82
44940,68.29
44960,67.62
44980,67.42
45000,67.62
45020,68.29
45040,68.29
45060,68.67
45080,68.67
45100,68.2
45120,68.67
45140,69.15
45160,68.67
45180,69.15
45200,68.67
45220,68.85
45240,68.67
45260,68.67
45280,69.15
45300,67.73
45320,67.73
45340,66.4
45360,67.34
45380,67.34
45400,66.4
45420,66.8
45440,65.93
45460,66.4
45480,65.73
45500,66.4
45520,66.4
45540,66.34
45560,65.93
45580,66.8
45600,67
45620,67
45640,67.92
45660,67.73
45680,66.8
45700,67.92
45720,66.8
45740,66.34
45760,66.34
45780,65.47
45800,65.43
45820,65.89
45840,65.64
45860,66.09
45880,66.09
45900,66.54
45920,66.54
45940,67.19
45960,66.54
45980,66.74
46000,66.8
46020,66.74
46040,66.54
46060,66.54
46080,66.8
46100,66.34
46120,66.8
46140,65.89
46160,65.89
46180,65.47
46200,65.89
46220,65.47
46240,66.19
46260,65.73
46280,66.09
46300,65.64
46320,65.01
46340,64.29
46360,65.43
46380,65.32
46400,65.32
46420,64.95
46440,66.74
46460,68.2
46480,69.89
46500,72.16
46520,75.47
46540,76.34
46560,78.69
46580,78.49
46600,80.2
46620,82.3
46640,82.75
46660,87.4
46680,84.77
46700,147.12
46720,63.77
46740,67.41
46760,87.24
46780,93.11
46800,98.21
46820,102.26
46840,111.14
46860,104.04
46880,112.11
46900,112.86
46920,114.02
46940,106.81
46960,101.63
46980,112.97
47000,104.77
47020,106.03
47040,99.81
47060,103.05
47080,106.03
47100,106.76
47120,106.93
47140,106.98
47160,110.62
47180,110.19
47200,107.93
47220,106.53
47240,101.31
47260,99.36
47280,99.26
47300,103.72
47320,80.88
47340,93.69
47360,85.84
47380,85.91
47400,103.87
47420,90
47440,107.74
47460,95.56
47480,90.55
47500,100.51
47520,93.81
47540,53.43
47560,69.44
47580,73.14
47600,60.02
47620,62.4
47640,60.7
47660,80.26
47680,61.39
47700,93.18
47720,177.27
47740,63.49
47760,69.6
47780,75.85
47800,80.18
47820,96.71
47840,59.26
47860,57.38
47880,60.11
47900,64.74
47920,65.38
47940,69.08
47960,71.77
47980,124.25
48000,96.07
48020,126.25
48040,106.7
48060,119.51
48080,74.81
48100,108.63
48120,85.29
48140,95.12
48160,123.69
48180,90
48200,94.88
48220,97.13
48240,96.89
48260,106.53
48280,106.53
48300,109.23
48320,111.22
48340,106.53
48360,108.82
48380,109.37
48400,109.73
48420,109.54
48440,109.18
48460,112.66
48480,112.75
48500,113.43
48520,115.23
48540,115.23
48560,113.59
48580,113.52
48600,113.59
48620,113.52
48640,112.13
48660,111.69
48680,111.25
48700,111.91
48720,111.69
48740,113.28
48760,112.8
48780,112.8
48800,112.66
48820,112.35
48840,112.86
48860,113.04
48880,112.89
48900,114.25
48920,114.02
48940,113.2
48960,114.02
48980,112.97
49000,112.97
49020,112.97
49040,113.2
49060,113.43
49080,112.89
49100,112.66
49120,113.2
49140,112.44
49160,112.44
49180,112.97
49200,113.43
49220,113.2
49240,112.66
49260,114.15
49280,110.28
49300,111.12
49320,109.93
49340,110.14
49360,109.73
49380,110.7
49400,112.15
49420,114.09
49440,113.59
49460,113.84
49480,114.6
49500,113.9
49520,115.75
49540,113.28
49560,113.04
49580,113.04
49600,111.69
49620,111.57
49640,111.8
49660,111.22
49680,111.68
49700,112.42
49720,114.33
49740,109.32
49760,114.86
49780,114.55
49800,116.29
49820,113.59
49840,111.57
49860,114.03
49880,114.86
49900,114.6
49920,114.6
49940,111.91
49960,115.05
49980,108.43
50000,105.71
50020,108.21
50040,103.89
50060,105.36
50080,108.23
50100,108.24
50120,108.99
50140,109.93
50160,104.62
50180,101.89
50200,99.46
50220,99.67
50240,97.29
50260,96.75
50280,98.79
50300,98.91
50320,98.13
50340,98.38
50360,93.25
50380,93.4
50400,96.93
50420,95.39
50440,97.06
50460,98.45
50480,98.79
50500,96.2
50520,92.73
50540,93.18
50560,95.29
50580,95.34
50600,97.74
50620,94
50640,91.07
50660,92.73
50680,92.78
50700,91.15
50720,87.86
50740,89.48
50760,89.47
50780,87.3
50800,86.91
50820,95.98
50840,82.44
50860,80.45
50880,77.09
50900,77.59
50920,79.45
50940,82.37
50960,83.02
50980,82.8
51000,84.16
51020,84.41
51040,83.99
51060,82.29
51080,81.62
51100,81.62
51120,81.35
51140,81.96
51160,81.87
51180,81.87
51200,81.87
51220,81.25
51240,81.87
51260,81.96
51280,81.96
51300,81.96
51320,81.87
51340,82.49
51360,82.57
51380,81.87
51400,81.87
51420,81.16
51440,81.87
51460,82.49
51480,81.87
51500,81.96
51520,81.96
51540,82.41
51560,82.49
51580,81.87
51600,81.87
51620,81.96
51640,81.87
51660,82.57
51680,82.49
51700,81.87
51720,81.87
51740,81.78
51760,81.25
51780,81.25
51800,81.87
51820,81.87
51840,81.87
51860,82.49
51880,81.78
51900,81.25
51920,81.87
51940,82.49
51960,82.49
51980,81.78
52000,82.49
52020,83.66
52040,82.57
52060,84.05
52080,82.44
52100,84.29
52120,84.47
52140,84.75
52160,84.17
52180,82.37
52200,80.09
52220,79.93
52240,82.26
52260,83.83
52280,81.29
52300,82.09
52320,81.71
52340,81.55
52360,80.06
52380,81.12
52400,82.67
52420,79.32
52440,84.11
52460,86.09
52480,92.47
52500,91.01
52520,87.82
52540,87.78
52560,91.23
52580,88.3
52600,91.17
52620,91.26
52640,98.21
52660,101.19
52680,99.97
52700,99.67
52720,100.54
52740,104.53
52760,105.07
52780,104.38
52800,105.52
52820,95.53
52840,102.09
52860,94.97
52880,96.48
52900,123.69
52920,96.01
52940,101.77
52960,104.6
52980,106.53
53000,104.6
53020,106.02
53040,107.19
53060,107.19
53080,107.53
53100,108.99
53120,105.87
53140,104.62
53160,102.99
53180,102.8
53200,101.07
53220,99.37
53240,100.95
53260,98.97
53280,82.96
53300,100.42
53320,109.09
53340,107.15
53360,96.27
53380,98.5
53400,95.97
53420,102.4
53440,100.76
53460,98.75
53480,98.84
53500,104.04
53520,102.09
53540,103.47
53560,102.26
53580,102.72
53600,103.89
53620,103.47
53640,104.04
53660,103.61
53680,103.61
53700,107.19
53720,102.26
53740,113.28
53760,106.03
53780,100.3
53800,98.22
53820,101.15
53840,114.44
53860,112.89
53880,108.79
53900,107.5
53920,110.08
53940,108.79
53960,107.53
53980,108.06
54000,109.73
54020,110.49
54040,108.43
54060,105.11
54080,108.09
54100,111.08
54120,112.66
54140,111.19
54160,105.87
54180,105.49
54200,106.1
54220,107.53
54240,108.61
54260,103.77
54280,103.9
54300,106.76
54320,111.7
54340,107.29
54360,106.48
54380,104.77
54400,98.91
54420,102.34
54440,103.61
54460,105.36
54480,106.36
54500,106.26
54520,108.08
54540,108.27
54560,102.64
54580,101.09
54600,107.32
54620,106.42
54640,104.04
54660,103.47
54680,105.05
54700,104.18
54720,104.77
54740,105.2
54760,104.47
54780,104.77
54800,105.36
54820,106.19
54840,105.05
54860,104.18
54880,104.74
54900,104.74
54920,104.6
54940,104.18
54960,104.04
54980,104.18
55000,104.74
55020,104.04
55040,104.6
55060,104.6
55080,103.61
55100,104.04
55120,104.18
55140,103.89
55160,104.18
55180,104.47
55200,104.18
55220,104.47
55240,104.18
55260,104.74
55280,104.74
55300,104.74
55320,104.18
55340,104.18
55360,104.04
55380,105.05
55400,104.04
55420,104.6
55440,104.04
55460,104.6
55480,104.6
55500,104.6
55520,104.6
55540,104.6
55560,104.6
55580,104.74
55600,105.71
55620,104.45
55640,105.55
55660,105.71
55680,105.71
55700,105.55
55720,104.6
55740,104.45
55760,104.45
55780,105.55
55800,105.55
55820,105.71
55840,105.55
55860,104.6
55880,104.74
55900,105.71
55920,105.95
55940,105.64
55960,104.31
55980,105.95
56000,105.87
56020,104.42
56040,105.44
56060,104.42
56080,105.49
56100,103.24
56120,103.21
56140,103.34
56160,102.95
56180,103.34
56200,105.11
56220,102.71
56240,103.89
56260,107.28
56280,106.93
56300,105.26
56320,102.38
56340,92.76
56360,98.75
56380,102.4
56400,101.92
56420,103.55
56440,114.12
56460,119.98
56480,63.09
56500,93.4
56520,94.21
56540,101.55
56560,104.47
56580,101.77
56600,102.46
56620,101.2
56640,105.4
56660,102.36
56680,104.18
56700,104.04
56720,103.03
56740,100.26
56760,106.65
56780,104.31
56800,103.64
56820,104.74
56840,102.86
56860,97.71
56880,99.71
56900,103.55
56920,100.08
56940,99.87
56960,100.2
56980,99.37
57000,105.05
57020,109.65
57040,106.17
57060,107.86
57080,101.67
57100,102.46
57120,98.04
57140,101.19
57160,106.21
57180,102.99
57200,101.07
57220,100.3
57240,102.53
57260,99.26
57280,105.26
57300,103.89
57320,106.19
57340,106.1
57360,100.16
57380,101.69
57400,100.3
57420,103.88
57440,102.18
57460,106.7
57480,105.85
57500,94.18
57520,103.46
57540,110.28
57560,120.47
57580,103.37
57600,102.99
57620,100.62
57640,107.86
57660,107.24
57680,109.32
57700,105.95
57720,103.64
57740,100.65
57760,102.8
57780,106.03
57800,102.22
57820,104.34
57840,106.76
57860,102.24
57880,96.54
57900,105.67
57920,108.97
57940,103.64
57960,103.34
57980,101.69
58000,103.9
58020,103.21
58040,103.9
58060,94.3
58080,104.04
58100,110.56
58120,107.32
58140,101.31
58160,98.79
58180,106.42
58200,107.88
58220,109.13
58240,101.65
58260,103.55
58280,112.17
58300,115.51
58320,107.29
58340,104.62
58360,109.93
58380,113.11
58400,62.02
58420,100.97
58440,111.8
58460,114.86
58480,117.58
58500,108.95
58520,111.25
58540,111.63
58560,99.32
58580,114.96
58600,122.12
58620,121.5
58640,137.2
58660,176.76
58680,193.32
58700,195.09
58720,180
58740,152.14
58760,139.03
58780,137.66
58800,138.37
58820,137.95
58840,139.21
58860,138.08
58880,137.24
58900,136.02
58920,134.3
58940,131.8
58960,130.27
58980,129.14
59000,128.42
59020,126.45
59040,123.11
59060,117.95
59080,108.59
59100,100.38
59120,106.27
59140,132.58
59160,149.39
59180,118.98
59200,108.43
59220,69.76
59240,43.4
59260,28.07
59280,233.62
59300,215.85
59320,198
59340,168.4
59360,64.01
59380,76.18
59400,90.75
59420,83.42
59440,84.11
59460,92.96
59480,91.06
59500,93.08
59520,89.43
59540,93.43
59560,95.83
59580,95.95
59600,97.96
59620,99.36
59640,96.27
59660,97.13
59680,100.01
59700,102.8
59720,103.57
59740,106.96
59760,109.75
59780,111.8
59800,118.35
59820,132.63
59840,157.09
59860,178.18
59880,175.76
59900,186.71
59920,197.14
59940,205.89
59960,207.9
59980,212.62
60000,214.48
60020,217.71
60040,216.3
60060,215.15
60080,215.33
60100,217.22
60120,210.22
60140,209.8
60160,209.8
60180,209.8
60200,209.38
60220,208.5
60240,208.02
60260,206.37
60280,203.14
60300,203.14
60320,203.65
60340,204.44
60360,205.63
60380,208.54
60400,209.14
60420,210.44
60440,209.69
60460,213.22
60480,215.44
60500,213.48
60520,208.68
60540,228.54
60560,217.57
60580,205.58
60600,225.4
60620,207.78
60640,215.48
60660,214.48
60680,215.17
60700,206.97
60720,216.96
60740,215.19
60760,220.83
60780,209.15
60800,214.2
60820,212.2
60840,206.97
60860,205.37
60880,206.37
60900,205.46
60920,207.1
60940,214.3
60960,202.74
60980,202.71
61000,209.79
61020,198.57
61040,199.04
61060,206.57
61080,210.81
61100,209.29
61120,206.15
61140,211.29
61160,213.04
61180,216.61
61200,215.78
61220,209.36
61240,214.03
61260,211.64
61280,210.13
61300,210.66
61320,208.65
61340,213.31
61360,211.12
61380,211.8
61400,214.38
61420,219.62
61440,217.8
61460,213.69
61480,214.95
61500,212.71
61520,210.22
61540,214.04
61560,214.44
61580,214.06
61600,213.69
61620,210.35
61640,212.93
61660,214.48
61680,217.6
61700,213.42
61720,217.41
61740,213.94
61760,216.87
61780,216.3
61800,214.44
61820,212.97
61840,213.82
61860,210.47
61880,208.18
61900,211.1
61920,209.69
61940,208.93
61960,209.63
61980,212.79
62000,214.7
62020,217.6
62040,218.87
62060,221.44
62080,223.75
62100,225.61
62120,226.77
62140,225.58
62160,226.72
62180,226.4
62200,224.72
62220,222.78
62240,222.69
62260,222.27
62280,221.67
62300,219.47
62320,218.52
62340,217.99
62360,217.22
62380,216.96
62400,216.61
62420,217.22
62440,218.11
62460,219.35
62480,220.6
62500,220.89
62520,220.6
62540,220.94
62560,220.6
62580,219.69
62600,218.66
62620,218.11
62640,220.89
62660,220.6
62680,219.63
62700,218.66
62720,217.76
62740,217.14
62760,216.87
62780,216.87
62800,216.87
62820,217.49
62840,219.35
62860,219.63
62880,220.6
62900,221.23
62920,220.94
62940,222.43
62960,223.36
62980,223.03
63000,223.36
63020,223.68
63040,223.68
63060,220.4
63080,221.4
63100,222.37
63120,223.68
63140,224.67
63160,221.1
63180,222.37
63200,223.34
63220,224.35
63240,223.34
63260,223.68
63280,224.01
63300,222.68
63320,222.02
63340,220.7
63360,220.04
63380,220.4
63400,219.75
63420,219.16
63440,219.51
63460,220.26
63480,220.6
63500,220.89
63520,221.48
63540,222.12
63560,222.43
63580,222.12
63600,215.1
63620,209.05
63640,208.68
63660,207.88
63680,210.75
63700,210.38
63720,209.8
63740,208.47
63760,208.27
63780,207.5
63800,207.88
63820,208.85
63840,211.78
63860,215.54
63880,218.94
63900,219.92
63920,220.89
63940,220.94
63960,220.55
63980,220.6
64000,220.89
64020,220.26
64040,218.66
64060,217.41
64080,217.14
64100,217.14
64120,216.52
64140,216.87
64160,217.76
64180,217.14
64200,217.05
64220,216.78
64240,218.94
64260,219.98
64280,220.6
64300,220.6
64320,220.89
64340,220.26
64360,218.66
64380,218.11
64400,217.41
64420,217.14
64440,216.78
64460,217.14
64480,216.87
64500,217.76
64520,218.66
64540,219.98
64560,220.6
64580,220.26
64600,220.6
64620,220.6
64640,219.63
64660,218.66
64680,218.31
64700,221.48
64720,221.14
64740,220.1
64760,219.75
64780,219.16
64800,217.6
64820,217.95
64840,217.6
64860,218.23
64880,218.94
64900,219.92
64920,218.59
64940,221.35
64960,221.82
64980,221.78
65000,220.6
65020,215.93
65040,215.1
65060,214.27
65080,212.66
65100,211.88
65120,210.89
65140,209.59
65160,212.28
65180,213.81
65200,212.28
