20,101.87,,
40,101.85,,
60,102.61,,
80,101.69,,
100,101.46,,
120,101.46,,
140,101.69,,
160,101.31,,
180,101.85,,
200,101.85,,
220,101.31,,
240,101.69,,
260,101.69,,
280,101.46,,
300,101.85,,
320,101.31,,
340,101.85,,
360,101.46,,
380,101.46,,
400,101.85,,
420,101.85,,
440,101.69,,
460,101.46,,
480,101.69,,
500,101.46,,
520,101.54,,
540,101.85,,
560,101.69,,
580,101.69,,
600,101.69,,
620,101.31,,
640,101.31,,
660,101.69,,
680,101.69,,
700,101.31,,
720,101.23,,
740,100.69,,
760,100.05,,
780,99.2,,
800,98.95,,
820,99.27,,
840,98.47,,
860,97.22,,
880,98.41,,
900,98.25,,
920,98.02,,
940,96.61,,
960,97.17,,
980,97.27,,
1000,99.01,,
1020,97.57,,
1040,96.07,,
1060,95.87,,
1080,93.95,,
1100,93.63,,
1120,95.09,,
1140,95.19,,
1160,96.47,,
1180,98.24,,
1200,100.93,,
1220,104.04,,
1240,106.31,,
1260,107.63,,
1280,111.16,,
1300,115,,
1320,120.91,,
1340,125.69,,
1360,129.97,,
1380,135.9,,
1400,141.29,,
1420,147.08,,
1440,153.57,,
1460,160.77,,
1480,167.88,,
1500,174.6,,
1520,183.23,,
1540,187.99,,
1560,193.07,,
1580,197.62,,
1600,201.86,,
1620,206,,
1640,208.96,,
1660,211.84,,
1680,216.74,,
1700,216.74,,
1720,217.93,,
1740,217.96,,
1760,220.78,,
1780,224.78,,
1800,224.78,,
1820,222.21,,
1840,221.42,,
1860,223.42,,
1880,224.78,,
1900,223.7,,
1920,220.5,,
1940,217.07,,
1960,219.46,,
1980,220.18,,
2000,218.76,,
2020,216.24,,
2040,216.99,,
2060,207.71,,
2080,209.08,,
2100,205.32,,
2120,203.81,,
2140,201.32,,
2160,200.64,,
2180,204.29,,
2200,206.08,,
2220,207.53,,
2240,207.95,,
2260,205.95,,
2280,202.88,,
2300,201.93,,
2320,195.71,,
2340,191.31,,
2360,187.8,,
2380,187.64,,
2400,184.04,,
2420,182.71,,
2440,184.21,,
2460,181.78,,
2480,180,,
2500,179.3,,
2520,179.28,,
2540,177.8,,
2560,176.04,,
2580,171.82,,
2600,171.06,,
2620,169.63,,
2640,170.23,,
2660,167.96,,
2680,166.24,,
2700,167.26,,
2720,167.6,,
2740,171.22,,
2760,174.84,,
2780,172.52,,
2800,170.82,,
2820,170.59,,
2840,168.04,,
2860,169.63,,
2880,172.22,,
2900,174.51,,
2920,176.31,,
2940,174.44,,
2960,177.03,,
2980,177.89,,
3000,177.92,,
3020,177.56,,
3040,177.16,,
3060,177.56,,
3080,177.19,,
3100,176.49,,
3120,173.45,,
3140,175.6,,
3160,179.35,,
3180,176.14,,
3200,175.79,,
3220,175.74,,
3240,174.64,,
3260,172.57,,
3280,171.97,,
3300,170.83,,
3320,170.59,,
3340,167.21,,
3360,163.77,,
3380,161.45,,
3400,161.12,,
3420,155.53,,
3440,156,,
3460,154.23,,
3480,151.33,,
3500,149.42,,
3520,147.04,,
3540,146.42,,
3560,143.68,,
3580,141.84,,
3600,138.93,,
3620,139.81,,
3640,140.37,,
3660,139.21,,
3680,139.13,,
3700,140.04,,
3720,139.83,,
3740,140.68,,
3760,139.62,,
3780,139.57,,
3800,139.14,,
3820,140.85,,
3840,141.16,,
3860,140.55,,
3880,140.04,,
3900,140.65,,
3920,160.62,,
3940,129.06,,
3960,136.31,,
3980,135.98,,
4000,136.75,,
4020,135.25,,
4040,132.79,,
4060,132.77,,
4080,135.49,,
4100,138.19,,
4120,140.42,,
4140,142,,
4160,143.84,,
4180,145.62,,
4200,145.09,,
4220,145.06,,
4240,146.31,,
4260,144.92,,
4280,163.02,,
4300,146.7,,
4320,146.02,,
4340,146.81,,
4360,147.09,,
4380,148.18,,
4400,143.62,,
4420,142.99,,
4440,142.7,,
4460,141.78,,
4480,142.32,,
4500,141.34,,
4520,140.06,,
4540,139.59,,
4560,140.58,,
4580,139.48,,
4600,139.87,,
4620,139.12,,
4640,139.87,,
4660,139.28,,
4680,139.05,,
4700,139.59,,
4720,139.59,,
4740,139.59,,
4760,138.58,,
4780,139.05,,
4800,139.59,,
4820,139.05,,
4840,139.05,,
4860,139.05,,
4880,139.59,,
4900,139.59,,
4920,139.59,,
4940,139.12,,
4960,139.05,,
4980,139.05,,
5000,139.05,,
5020,139.05,,
5040,139.59,,
5060,139.59,,
5080,139.05,,
5100,139.05,,
5120,139.05,,
5140,138.78,,
5160,139.05,,
5180,139.59,,
5200,139.59,,
5220,139.83,,
5240,139.05,,
5260,139.01,,
5280,139.05,,
5300,138.58,,
5320,139.59,,
5340,139.59,,
5360,139.59,,
5380,139.05,,
5400,139.05,,
5420,139.28,,
5440,139.05,,
5460,139.05,,
5480,139.59,,
5500,139.59,,
5520,138.78,,
5540,139.59,,
5560,139.28,,
5580,139.05,,
5600,139.59,,
5620,139.12,,
5640,139.59,,
5660,139.05,,
5680,139.05,,
5700,139.05,,
5720,139.05,,
5740,139.59,,
5760,139.05,,
5780,139.12,,
5800,139.59,,
5820,139.28,,
5840,138.78,,
5860,138.58,,
5880,138.58,,
5900,139.59,,
5920,139.28,,
5940,139.05,,
5960,139.05,,
5980,139.59,,
6000,139.05,,
6020,138.58,,
6040,139.87,,
6060,139.97,,
6080,139.66,,
6100,139.66,,
6120,139.66,,
6140,139.66,,
6160,139.89,,
6180,139.66,,
6200,139.93,,
6220,139.7,,
6240,139.44,,
6260,139.93,,
6280,139.66,,
6300,139.93,,
6320,139.44,,
6340,139.66,,
6360,139.44,,
6380,139.93,,
6400,140.15,,
6420,139.89,,
6440,140.15,,
6460,139.93,,
6480,139.93,,
6500,140.15,,
6520,140.15,,
6540,139.62,,
6560,139.4,,
6580,139.4,,
6600,139.4,,
6620,138.85,,
6640,138.88,,
6660,138.75,,
6680,137.19,,
6700,136.69,,
6720,137.05,,
6740,136.52,,
6760,136.99,,
6780,137.53,,
6800,137.47,,
6820,137.77,,
6840,138.64,,
6860,137.73,,
6880,137.77,,
6900,138.07,,
6920,138.48,,
6940,137.7,,
6960,137.96,,
6980,136.99,,
7000,142.43,,
7020,142.41,,
7040,138.58,,
7060,140.38,,
7080,139.83,,
7100,140.33,,
7120,142.56,,
7140,142,,
7160,139.83,,
7180,144.25,,
7200,143.64,,
7220,145.06,,
7240,145.33,,
7260,147.21,,
7280,147.99,,
7300,149.09,,
7320,149.96,,
7340,151.44,,
7360,164.05,,
7380,144.21,,
7400,152.1,,
7420,155.39,,
7440,157.88,,
7460,157.15,,
7480,156.71,,
7500,157.25,,
7520,158.2,,
7540,156.67,,
7560,155.11,,
7580,154.51,,
7600,151.04,,
7620,149.86,,
7640,152.02,,
7660,154.64,,
7680,153.43,,
7700,149.45,,
7720,150.38,,
7740,151.28,,
7760,154.27,,
7780,149.36,,
7800,147.22,,
7820,149.1,,
7840,149.46,,
7860,147.29,,
7880,148.42,,
7900,148.66,,
7920,147.8,,
7940,147.99,,
7960,150.7,,
7980,153.12,,
8000,157.68,,
8020,157.66,,
8040,164.87,,
8060,165.88,,
8080,166.21,,
8100,166.53,,
8120,166.53,,
8140,167.33,,
8160,167.86,,
8180,168.24,,
8200,168.37,,
8220,168.89,,
8240,170.07,,
8260,168.55,,
8280,169.3,,
8300,169.3,,
8320,171.49,,
8340,170.92,,
8360,172.92,,
8380,171.13,,
8400,170.27,,
8420,170.75,,
8440,170.16,,
8460,169.58,,
8480,171.33,,
8500,170.27,,
8520,173.41,,
8540,172.38,,
8560,172.71,,
8580,173.29,,
8600,173.29,,
8620,175.58,,
8640,174.69,,
8660,174.72,,
8680,175.7,,
8700,173.55,,
8720,172.72,,
8740,174.57,,
8760,175.18,,
8780,172.8,,
8800,177.75,,
8820,176.62,,
8840,175.85,,
8860,177.38,,
8880,177.41,,
8900,176.48,,
8920,176.19,,
8940,175.29,,
8960,174.63,,
8980,174.66,,
9000,174.44,,
9020,172.04,,
9040,170.54,,
9060,165.51,,
9080,162.59,,
9100,159.63,,
9120,156.18,,
9140,147.06,,
9160,136.68,,
9180,131.09,,
9200,127.02,,
9220,120.34,,
9240,116.57,,
9260,112.53,,
9280,109.95,,
9300,109.46,,
9320,109.08,,
9340,107.16,,
9360,106.55,,
9380,105.89,,
9400,106.66,,
9420,106.93,,
9440,106,,
9460,106,,
9480,105.61,,
9500,105.33,,
9520,104.43,,
9540,104.74,,
9560,104.14,,
9580,101.72,,
9600,104.14,,
9620,103.74,,
9640,104.74,,
9660,104.96,,
9680,104.66,,
9700,105.07,,
9720,105.29,,
9740,106.12,,
9760,106.29,,
9780,110.85,,
9800,112.11,,
9820,117.63,,
9840,128.45,,
9860,129.29,,
9880,142.37,,
9900,155.18,,
9920,175.64,,
9940,152.27,,
9960,160.81,,
9980,170.86,,
10000,172.91,,
10020,174.6,,
10040,175,,
10060,174.91,,
10080,172.91,,
10100,174.6,,
10120,174.89,,
10140,174.26,,
10160,174.92,,
10180,174.92,,
10200,176.21,,
10220,177.46,,
10240,176.23,,
10260,167.65,,
10280,171.16,,
10300,167.1,,
10320,160.56,,
10340,154.89,,
10360,150.04,,
10380,137.7,,
10400,131.51,,
10420,124.53,,
10440,118.79,,
10460,113.96,,
10480,110.78,,
10500,109.06,,
10520,109.06,,
10540,109.44,,
10560,109.84,,
10580,112.77,,
10600,116.21,,
10620,120.23,,
10640,122.56,,
10660,129.08,,
10680,137.93,,
10700,146.4,,
10720,151.6,,
10740,155.66,,
10760,157.6,,
10780,165.17,,
10800,172.38,,
10820,180.73,,
10840,182.73,,
10860,185.53,,
10880,186.06,,
10900,181.65,,
10920,184.82,,
10940,185.07,,
10960,186.23,,
10980,185.19,,
11000,185.23,,
11020,185.78,,
11040,187.94,,
11060,186.42,,
11080,186.08,,
11100,186.45,,
11120,188.53,,
11140,186.1,,
11160,187.75,,
11180,191.12,,
11200,195,,
11220,199.5,,
11240,201.93,,
11260,202.57,,
11280,204.39,,
11300,202.57,,
11320,200.79,,
11340,198.87,,
11360,198.99,,
11380,197.31,,
11400,197.76,,
11420,196.39,,
11440,196.29,,
11460,195.9,,
11480,195.8,,
11500,194.12,,
11520,192.78,,
11540,191.37,,
11560,191.12,,
11580,190.68,,
11600,190.74,,
11620,190.42,,
11640,190.48,,
11660,190.8,,
11680,189.84,,
11700,190.54,,
11720,190.54,,
11740,190.66,,
11760,190.54,,
11780,190.54,,
11800,190.54,,
11820,190.54,,
11840,190.99,,
11860,190.54,,
11880,190.54,,
11900,190.54,,
11920,190.54,,
11940,190.66,,
11960,190.8,,
11980,190.66,,
12000,190.86,,
12020,190.99,,
12040,190.54,,
12060,190.54,,
12080,190.66,,
12100,190.99,,
12120,190.66,,
12140,190.66,,
12160,190.72,,
12180,190.66,,
12200,189.89,,
12220,190.54,,
12240,190.54,,
12260,190.66,,
12280,190.66,,
12300,190.66,,
12320,190.66,,
12340,189.89,,
12360,190.54,,
12380,190.48,,
12400,190.54,,
12420,190.99,,
12440,190.66,,
12460,190.54,,
12480,189.89,,
12500,190.66,,
12520,190.66,,
12540,190.54,,
12560,190.54,,
12580,190.66,,
12600,190.54,,
12620,190.66,,
12640,190.54,,
12660,190.66,,
12680,190.66,,
12700,190.01,,
12720,190.01,,
12740,190.54,,
12760,190.66,,
12780,190.72,,
12800,190.01,,
12820,190.66,,
12840,190.66,,
12860,190.54,,
12880,189.89,,
12900,190.66,,
12920,190.66,,
12940,190.54,,
12960,189.89,,
12980,190.54,,
13000,190.54,,
13020,190.54,,
13040,189.89,,
13060,190.86,,
13080,190.99,,
13100,190.66,,
13120,190.86,,
13140,190.86,,
13160,190.66,,
13180,190.86,,
13200,190.54,,
13220,190.54,,
13240,190.99,,
13260,190.86,,
13280,190.54,,
13300,190.54,,
13320,190.54,,
13340,190.54,,
13360,189.89,,
13380,190.54,,
13400,189.89,,
13420,190.66,,
13440,189.89,,
13460,190.54,,
13480,189.84,,
13500,189.89,,
13520,190.54,,
13540,189.89,,
13560,190.54,,
13580,189.89,,
13600,189.89,,
13620,190.54,,
13640,189.89,,
13660,190.01,,
13680,189.89,,
13700,190.01,,
13720,190.54,,
13740,190.66,,
13760,190.01,,
13780,190.99,,
13800,190.66,,
13820,191.05,,
13840,190.66,,
13860,189.89,,
13880,189.89,,
13900,189.52,,
13920,188.27,,
13940,186.59,,
13960,184.96,,
13980,184.04,,
14000,182.4,,
14020,180,,
14040,179.3,,
14060,179.64,,
14080,178.95,,
14100,177.94,,
14120,178.93,,
14140,178.93,,
14160,185.56,,
14180,177.4,,
14200,180,,
14220,179.65,,
14240,181.04,,
14260,182.46,,
14280,181.71,,
14300,184.11,,
14320,187.94,,
14340,188.04,,
14360,186.09,,
14380,182.69,,
14400,181.92,,
14420,186.25,,
14440,196,,
14460,197.84,,
14480,198.54,,
14500,199.37,,
14520,197.39,,
14540,193.56,,
14560,181.69,,
14580,188.77,,
14600,187.51,,
14620,185.77,,
14640,182.97,,
14660,179.1,,
14680,172.29,,
14700,170.49,,
14720,167.13,,
14740,162.82,,
14760,159.21,,
14780,155.42,,
14800,150.81,,
14820,143.06,,
14840,138.34,,
14860,132.75,,
14880,130.46,,
14900,128.05,,
14920,126.03,,
14940,126.61,,
14960,127.08,,
14980,124.59,,
15000,123.23,,
15020,123.11,,
15040,122.58,,
15060,124.49,,
15080,126.51,,
15100,127.72,,
15120,126.94,,
15140,124.87,,
15160,122.62,,
15180,126.65,,
15200,126.16,,
15220,130.36,,
15240,134.73,,
15260,136.99,,
15280,127.17,,
15300,131.07,,
15320,133.62,,
15340,123.96,,
15360,120.71,,
15380,120.58,,
15400,121.04,,
15420,125.31,,
15440,129.76,,
15460,132.63,,
15480,134.75,,
15500,137.45,,
15520,139.97,,
15540,137.45,,
15560,139.7,,
15580,141.72,,
15600,144.42,,
15620,144.63,,
15640,147.66,,
15660,149.69,,
15680,152.03,,
15700,151.72,,
15720,150.81,,
15740,151.72,,
15760,153.43,,
15780,158,,
15800,163.2,,
15820,167.74,,
15840,174.53,,
15860,182.6,,
15880,107.39,,
15900,132.92,,
15920,166.55,,
15940,175.5,,
15960,183.41,,
15980,190.37,,
16000,193.44,,
16020,196.7,,
16040,200.11,,
16060,204.86,,
16080,208.43,,
16100,209.46,,
16120,210.64,,
16140,212.96,,
16160,214.41,,
16180,214,,
16200,213.58,,
16220,214.01,,
16240,214,,
16260,213.48,,
16280,212.04,,
16300,213.27,,
16320,214,,
16340,216.14,,
16360,215.92,,
16380,216.43,,
16400,214.72,,
16420,214.62,,
16440,214.72,,
16460,215.32,,
16480,214.4,,
16500,214.09,,
16520,214.81,,
16540,214.81,,
16560,214.2,,
16580,213.79,,
16600,214.41,,
16620,214.41,,
16640,214.41,,
16660,214.41,,
16680,214.2,,
16700,214.2,,
16720,214.41,,
16740,213.59,,
16760,214.2,,
16780,214.41,,
16800,213.59,,
16820,214.2,,
16840,214.41,,
16860,214.41,,
16880,214.2,,
16900,214.2,,
16920,213.59,,
16940,213.79,,
16960,217.39,,
16980,213.69,,
17000,213.59,,
17020,214.41,,
17040,213.59,,
17060,214.2,,
17080,214.41,,
17100,214.2,,
17120,214.2,,
17140,214.41,,
17160,214.41,,
17180,213.59,,
17200,213.27,,
17220,212.58,,
17240,215.24,,
17260,213.79,,
17280,213.79,,
17300,214.2,,
17320,214.2,,
17340,214.41,,
17360,213.59,,
17380,213.59,,
17400,214.41,,
17420,213.79,,
17440,212.87,,
17460,213.18,,
17480,213.18,,
17500,214.41,,
17520,214.51,,
17540,213.48,,
17560,213.18,,
17580,213.18,,
17600,213.18,,
17620,213.18,,
17640,213.18,,
17660,213.18,,
17680,213.79,,
17700,212.87,,
17720,213.18,,
17740,213.79,,
17760,213.18,,
17780,212.36,,
17800,213.79,,
17820,213.79,,
17840,213.59,,
17860,213.59,,
17880,213.79,,
17900,213.79,,
17920,213.79,,
17940,213.59,,
17960,213.59,,
17980,213.59,,
18000,213.59,,
18020,212.98,,
18040,213.59,,
18060,213.18,,
18080,212.98,,
18100,212.78,,
18120,212.98,,
18140,212.67,,
18160,212.56,,
18180,211.61,,
18200,211.61,,
18220,212.36,,
18240,212.04,,
18260,211.41,,
18280,211.09,,
18300,211.22,,
18320,210.77,,
18340,211.66,,
18360,210.9,,
18380,211.97,,
18400,211.66,,
18420,211.66,,
18440,210.47,,
18460,210.9,,
18480,210.26,,
18500,211.66,,
18520,210.47,,
18540,209.3,,
18560,207.54,,
18580,206.24,,
18600,203.67,,
18620,201.93,,
18640,199.8,,
18660,195.85,,
18680,190.18,,
18700,184.7,,
18720,176.33,,
18740,169.49,,
18760,164,,
18780,157.78,,
18800,149.61,,
18820,142.03,,
18840,137.85,,
18860,132.63,,
18880,128.54,,
18900,122.62,,
18920,117.27,,
18940,111.29,,
18960,106.52,,
18980,102.65,,
19000,100.2,,
19020,99.1,,
19040,104.31,,
19060,101.59,,
19080,102.2,,
19100,101.31,,
19120,100.01,,
19140,99.88,,
19160,99.73,,
19180,97.67,,
19200,100.7,,
19220,98.44,,
19240,96.61,,
19260,95.92,,
19280,95.42,,
19300,93.53,,
19320,93.92,,
19340,95.48,,
19360,93.89,,
19380,95.88,,
19400,96.03,,
19420,93.92,,
19440,95.48,,
19460,95.87,,
19480,96.12,,
19500,95.87,,
19520,98.25,,
19540,95.91,,
19560,92.4,,
19580,94.28,,
19600,94.34,,
19620,95.44,,
19640,97.43,,
19660,96.52,,
19680,95.51,,
19700,96.03,,
19720,95.31,,
19740,96.12,,
19760,93.9,,
19780,88.74,,
19800,90,,
19820,90,,
19840,90.85,,
19860,90.86,,
19880,87.76,,
19900,86.56,,
19920,87.42,,
19940,89.57,,
19960,92.29,,
19980,86.13,,
20000,85.03,,
20020,87.89,,
20040,86.53,,
20060,85.6,,
20080,84.5,,
20100,84.43,,
20120,85.67,,
20140,88.32,,
20160,85.28,,
20180,84.29,,
20200,88.26,,
20220,88.79,,
20240,90.41,,
20260,90.78,,
20280,95.51,,
20300,92.65,,
20320,93.43,,
20340,96.23,,
20360,101.48,,
20380,101.04,,
20400,99.88,,
20420,101.65,,
20440,102.96,,
20460,100.7,,
20480,98.88,,
20500,94.31,,
20520,96.54,,
20540,96.86,,
20560,97.72,,
20580,100.01,,
20600,101.09,,
20620,103.05,,
20640,102.37,,
20660,100.85,,
20680,109.57,,
20700,105.01,,
20720,105.48,,
20740,106.77,,
20760,108.94,,
20780,106.74,,
20800,104.88,,
20820,104.51,,
20840,102.82,,
20860,100.6,,
20880,101.16,,
20900,102.09,,
20920,103.53,,
20940,101.95,,
20960,99.73,,
20980,98.53,,
21000,98.02,,
21020,99.98,,
21040,99.03,,
21060,100.34,,
21080,101.31,,
21100,102.7,,
21120,98.72,,
21140,100.44,,
21160,100.57,,
21180,101.69,,
21200,101.23,,
21220,101.46,,
21240,99.33,,
21260,96.94,,
21280,100.55,,
21300,101.08,,
21320,97.13,,
21340,95.46,,
21360,95.02,,
21380,95.79,,
21400,95.12,,
21420,97.84,,
21440,95.23,,
21460,95.79,,
21480,97.08,,
21500,99.27,,
21520,96.98,,
21540,97.22,,
21560,97.47,,
21580,97.41,,
21600,97.57,,
21620,99.16,,
21640,100.34,,
21660,92.84,,
21680,92.44,,
21700,92.02,,
21720,94.28,,
21740,96.61,,
21760,98.13,,
21780,97.95,,
21800,99.46,,
21820,99.04,,
21840,98.19,,
21860,98.37,,
21880,103.93,,
21900,102.8,,
21920,100.05,,
21940,101.72,,
21960,103.34,,
21980,103.45,,
22000,106.53,,
22020,106.58,,
22040,105.95,,
22060,106.36,,
22080,105.1,,
22100,102.93,,
22120,105.12,,
22140,105.95,,
22160,99.73,,
22180,100.7,,
22200,98.85,,
22220,99.69,,
22240,96.86,,
22260,92.44,,
22280,90.42,,
22300,88.3,,
22320,86.19,,
22340,85.82,,
22360,83.87,,
22380,84.14,,
22400,82.43,,
22420,81.25,,
22440,81.38,,
22460,77.97,,
22480,81.05,,
22500,83.42,,
22520,80.13,,
22540,84.34,,
22560,75.21,,
22580,105.03,,
22600,98.97,,
22620,88.34,,
22640,88.25,,
22660,83.71,,
22680,86.32,,
22700,82.12,,
22720,78.45,,
22740,78.53,,
22760,76.59,,
22780,77.96,,
22800,80.27,,
22820,80.67,,
22840,78.13,,
22860,76.78,,
22880,73.15,,
22900,77.85,,
22920,80.88,,
22940,79.22,,
22960,80.17,,
22980,80.81,,
23000,75.53,,
23020,79.33,,
23040,77.6,,
23060,77.3,,
23080,77.93,,
23100,78.38,,
23120,78.38,,
23140,77.3,,
23160,76.44,,
23180,78.69,,
23200,79.1,,
23220,80.19,,
23240,78.77,,
23260,77.34,,
23280,75.86,,
23300,77.85,,
23320,78.35,,
23340,76.07,,
23360,78.43,,
23380,77.91,,
23400,77.07,,
23420,76.94,,
23440,72.9,,
23460,72.43,,
23480,73.43,,
23500,72.15,,
23520,72.45,,
23540,71.26,,
23560,69.68,,
23580,70.62,,
23600,72.53,,
23620,73.3,,
23640,72.53,,
23660,68.59,,
23680,68.2,,
23700,68.2,,
23720,68.2,,
23740,66.31,,
23760,62.73,,
23780,60.26,,
23800,67.41,,
23820,71.7,,
23840,72.57,,
23860,73,,
23880,70.1,,
23900,71.1,,
23920,73.84,,
23940,72.74,,
23960,73.52,,
23980,71.93,,
24000,114.62,,
24020,72.57,,
24040,75.43,,
24060,79.38,,
24080,80.97,,
24100,99.81,,
24120,76.83,,
24140,74.7,,
24160,73.8,,
24180,72.76,,
24200,71.87,,
24220,68.75,,
24240,68.65,,
24260,70.18,,
24280,71.26,,
24300,73.72,,
24320,73.99,,
24340,75.63,,
24360,75.3,,
24380,71.71,,
24400,77.14,,
24420,75.52,,
24440,76.87,,
24460,77.07,,
24480,66.09,,
24500,80.54,,
24520,75.23,,
24540,80.12,,
24560,82.38,,
24580,85.76,,
24600,89.58,,
24620,94.19,,
24640,92.34,,
24660,92.74,,
24680,103.03,,
24700,92.28,,
24720,95.13,,
24740,92.51,,
24760,93.65,,
24780,94.09,,
24800,94.4,,
24820,95.19,,
24840,93.65,,
24860,92.82,,
24880,95.63,,
24900,99.81,,
24920,97.84,,
24940,98.25,,
24960,100.01,,
24980,100.12,,
25000,103.13,,
25020,102.53,,
25040,101.15,,
25060,101.61,,
25080,103.39,,
25100,106.66,,
25120,94.92,,
25140,105.84,,
25160,104.22,,
25180,109.06,,
25200,103.65,,
25220,102.28,,
25240,102.53,,
25260,105.84,,
25280,103.48,,
25300,102.94,,
25320,105.48,,
25340,106.15,,
25360,107.49,,
25380,107.29,,
25400,109.77,,
25420,108.55,,
25440,109.01,,
25460,108.91,,
25480,108.56,,
25500,108.68,,
25520,108.32,,
25540,109.6,,
25560,108.19,,
25580,105.55,,
25600,107.33,,
25620,107.68,,
25640,105.36,,
25660,103.45,,
25680,105.5,,
25700,105.11,,
25720,106.59,,
25740,105.4,,
25760,104.8,,
25780,105.01,,
25800,105.95,,
25820,104.33,,
25840,107.04,,
25860,107.43,,
25880,107.9,,
25900,110.95,,
25920,108.8,,
25940,109.2,,
25960,118.43,,
25980,109.08,,
26000,107.78,,
26020,109.81,,
26040,110.12,,
26060,109.95,,
26080,108.56,,
26100,107.55,,
26120,108.17,,
26140,108.68,,
26160,109.04,,
26180,101.08,,
26200,113.01,,
26220,108.68,,
26240,106.66,,
26260,112.09,,
26280,110.47,,
26300,111.66,,
26320,111.46,,
26340,111.16,,
26360,112.2,,
26380,112.68,,
26400,109.83,,
26420,112.59,,
26440,115.08,,
26460,118.7,,
26480,117.81,,
26500,113.43,,
26520,115.77,,
26540,117.19,,
26560,117.35,,
26580,117.5,,
26600,119.34,,
26620,120.38,,
26640,119.79,,
26660,120.43,,
26680,119.7,,
26700,119.74,,
26720,121.08,,
26740,122.31,,
26760,122.28,,
26780,123.17,,
26800,125.09,,
26820,126.19,,
26840,128.26,,
26860,127.61,,
26880,126.19,,
26900,128.78,,
26920,129.71,,
26940,129.42,,
26960,133.36,,
26980,126.05,,
27000,127.32,,
27020,128.35,,
27040,128.96,,
27060,130.52,,
27080,129.56,,
27100,126.19,,
27120,128.07,,
27140,129.71,,
27160,131.6,,
27180,132.07,,
27200,132.44,,
27220,129.81,,
27240,136.9,,
27260,138.46,,
27280,137.08,,
27300,133.99,,
27320,135,,
27340,132.51,,
27360,139.27,,
27380,137.25,,
27400,134.48,,
27420,136.26,,
27440,136.77,,
27460,134.75,,
27480,135.51,,
27500,134.75,,
27520,135.76,,
27540,135.25,,
27560,134.49,,
27580,131.91,,
27600,132.4,,
27620,134.73,,
27640,135,,
27660,136.55,,
27680,133.99,,
27700,132.95,,
27720,136.02,,
27740,138.31,,
27760,137.61,,
27780,136.19,,
27800,137.66,,
27820,133.18,,
27840,133.35,,
27860,138.34,,
27880,135,,
27900,136.4,,
27920,135.93,,
27940,135.7,,
27960,136.2,,
27980,136.43,,
28000,132.86,,
28020,135.24,,
28040,134.05,,
28060,131.66,,
28080,127.94,,
28100,126.95,,
28120,128.02,,
28140,124.01,,
28160,125.35,,
28180,127.26,,
28200,125.89,,
28220,126.64,,
28240,125.62,,
28260,124.32,,
28280,122.98,,
28300,125.24,,
28320,125.18,,
28340,123.17,,
28360,121.93,,
28380,117.57,,
28400,121.71,,
28420,119.21,,
28440,121.92,,
28460,121.66,,
28480,119.46,,
28500,120.9,,
28520,120.7,,
28540,124.01,,
28560,121.61,,
28580,121.56,,
28600,121.02,,
28620,121.33,,
28640,121.2,,
28660,122.82,,
28680,125.11,,
28700,122.2,,
28720,123.79,,
28740,124.7,,
28760,123.59,,
28780,124.65,,
28800,126.05,,
28820,126.42,,
28840,126.51,,
28860,115.81,,
28880,115.42,,
28900,117,,
28920,119.74,,
28940,118.81,,
28960,120.41,,
28980,120.9,,
29000,118.07,,
29020,118.46,,
29040,119.05,,
29060,117.05,,
29080,118.07,,
29100,115.51,,
29120,118.24,,
29140,121.45,,
29160,124.03,,
29180,122.62,,
29200,119.2,,
29220,116.91,,
29240,114.38,,
29260,115.11,,
29280,115.37,,
29300,119.22,,
29320,119.4,,
29340,118.9,,
29360,118.3,,
29380,117.41,,
29400,120.67,,
29420,117.86,,
29440,119.28,,
29460,118.88,,
29480,118.84,,
29500,119.44,,
29520,120.47,,
29540,120.59,,
29560,117.23,,
29580,118.55,,
29600,119.79,,
29620,120.47,,
29640,118.73,,
29660,119.6,,
29680,119.2,,
29700,118.7,,
29720,117.9,,
29740,117.94,,
29760,117.81,,
29780,115.66,,
29800,115.29,,
29820,117.29,,
29840,118.61,,
29860,119.42,,
29880,111.74,,
29900,117.4,,
29920,117.72,,
29940,118.55,,
29960,115.71,,
29980,116.71,,
30000,120.59,,
30020,119.2,,
30040,117.94,,
30060,117.68,,
30080,117.62,,
30100,120.38,,
30120,120.66,,
30140,130.57,,
30160,117.5,,
30180,116.01,,
30200,124.16,,
30220,124.77,,
30240,122.29,,
30260,117.74,,
30280,125.12,,
30300,122.67,,
30320,124.7,,
30340,125.91,,
30360,122.87,,
30380,123.8,,
30400,119.98,,
30420,119.42,,
30440,120.1,,
30460,121.89,,
30480,120.96,,
30500,128.05,,
30520,128.72,,
30540,125.2,,
30560,123.81,,
30580,118.07,,
30600,117.65,,
30620,112.38,,
30640,122.28,,
30660,121.93,,
30680,118.69,,
30700,122.36,,
30720,123.23,,
30740,125.49,,
30760,118.3,,
30780,117.6,,
30800,114.89,,
30820,124.78,,
30840,117.74,,
30860,115.72,,
30880,118.18,,
30900,126.3,,
30920,124.45,,
30940,124.7,,
30960,126.58,,
30980,129.81,,
31000,124.1,,
31020,124.49,,
31040,128.44,,
31060,127.02,,
31080,127.01,,
31100,125.17,,
31120,125.5,,
31140,126.52,,
31160,127.09,,
31180,127.33,,
31200,125.45,,
31220,121.43,,
31240,123.4,,
31260,125.24,,
31280,124,,
31300,122.67,,
31320,121.03,,
31340,126,,
31360,125.82,,
31380,131.86,,
31400,133.99,,
31420,129.53,,
31440,125.65,,
31460,127.79,,
31480,127.87,,
31500,131,,
31520,132.36,,
31540,131.34,,
31560,131.89,,
31580,133.99,,
31600,133.96,,
31620,135.27,,
31640,134.22,,
31660,135.77,,
31680,135,,
31700,136.07,,
31720,134.74,,
31740,133.99,,
31760,134.5,,
31780,134.27,,
31800,134.75,,
31820,135,,
31840,136.01,,
31860,134.75,,
31880,135,,
31900,133.14,,
31920,135.27,,
31940,134.46,,
31960,134.45,,
31980,134.73,,
32000,133.99,,
32020,136.17,,
32040,131.69,,
32060,135.9,,
32080,138.04,,
32100,136.3,,
32120,134.21,,
32140,135.28,,
32160,134.19,,
32180,132.02,,
32200,134.43,,
32220,134.73,,
32240,130.64,,
32260,133.12,,
32280,133.7,,
32300,133.22,,
32320,134.49,,
32340,134.5,,
32360,132.97,,
32380,134.75,,
32400,134.5,,
32420,134.74,,
32440,133.44,,
32460,133.47,,
32480,134.74,,
32500,134.24,,
32520,135.27,,
32540,132.4,,
32560,133.14,,
32580,134.19,,
32600,133.39,,
32620,135.8,,
32640,131.78,,
32660,135,,
32680,133.15,,
32700,133.44,,
32720,131.88,,
32740,132.95,,
32760,134.48,,
32780,133.96,,
32800,133.22,,
32820,132.73,,
32840,134.75,,
32860,135.25,,
32880,137.08,,
32900,136.31,,
32920,133.15,,
32940,133.25,,
32960,133.53,,
32980,134,,
33000,134.74,,
33020,133.41,,
33040,134.22,,
33060,133.7,,
33080,133.99,,
33100,133.96,,
33120,133.41,,
33140,132.63,,
33160,133.44,,
33180,132.95,,
33200,136.81,,
33220,132.12,,
33240,136.92,,
33260,132.95,,
33280,137.42,,
33300,132.88,,
33320,133.44,,
33340,133.25,,
33360,135.25,,
33380,135.77,,
33400,134.5,,
33420,135.26,,
33440,135.52,,
33460,135.77,,
33480,137.35,,
33500,136.04,,
33520,136.49,,
33540,138.64,,
33560,138.92,,
33580,139.24,,
33600,140.19,,
33620,142.37,,
33640,139.66,,
33660,152.57,,
33680,139.59,,
33700,139.05,,
33720,139.59,,
33740,137.25,,
33760,136.48,,
33780,137.7,,
33800,137.43,,
33820,137.7,,
33840,136.74,,
33860,136.21,,
33880,137.01,,
33900,134.75,,
33920,135,,
33940,133.22,,
33960,131.38,,
33980,132.65,,
34000,132.01,,
34020,131.99,,
34040,130.72,,
34060,130.91,,
34080,132.25,,
34100,133.51,,
34120,135,,
34140,135.26,,
34160,135,,
34180,132.88,,
34200,132.4,,
34220,132.73,,
34240,132.73,,
34260,132.44,,
34280,132.95,,
34300,133.75,,
34320,134,,
34340,134.24,,
34360,135.76,,
34380,136.81,,
34400,138.46,,
34420,141.28,,
34440,144.51,,
34460,147.44,,
34480,149.41,,
34500,151.04,,
34520,154.43,,
34540,177.83,,
34560,157.21,,
34580,241.49,,
34600,235.42,,
34620,221.76,,
34640,199.19,,
34660,136.77,,
34680,180.83,,
34700,210.75,,
34720,243.31,,
34740,263.57,,
34760,189.09,,
34780,291.3,,
34800,246.43,,
34820,195.64,,
34840,225.49,,
34860,207.28,,
34880,211.68,,
34900,213.18,,
34920,196.96,,
34940,200.92,,
34960,188.67,,
34980,209.12,,
35000,213,,
35020,200.65,,
35040,195.12,,
35060,228.82,,
35080,69.15,,
35100,289.16,,
35120,212.4,,
35140,170.23,,
35160,227.15,,
35180,222.63,,
35200,189.88,,
35220,193.73,,
35240,182.87,,
35260,141.06,,
35280,212.94,,
35300,203.75,,
35320,198.43,,
35340,239.56,,
35360,198.87,,
35380,174.94,,
35400,166.89,,
35420,234.17,,
35440,284.14,,
35460,294.21,,
35480,182.17,,
35500,184.09,,
35520,209.91,,
35540,192.91,,
35560,203.63,,
35580,225,,
35600,204.76,,
35620,176.5,,
35640,161.57,,
35660,231.93,,
35680,184.87,,
35700,245.45,,
35720,250.31,,
35740,221.19,,
35760,205.17,,
35780,209.29,,
35800,171.46,,
35820,158.93,,
35840,204.97,,
35860,194.19,,
35880,184.97,,
35900,249.62,,
35920,253.35,,
35940,224.15,,
35960,258.96,,
35980,198.43,,
36000,185.47,,
36020,203.45,,
36040,166.46,,
36060,211.11,,
36080,239.93,,
36100,208.3,,
36120,206.36,,
36140,138.27,,
36160,256.75,,
36180,213.6,,
36200,204.36,,
36220,203.65,,
36240,199.19,,
36260,201.67,,
36280,197.74,,
36300,196.88,,
36320,197.7,,
36340,193.95,,
36360,188.49,,
36380,183.26,,
36400,181.08,,
36420,178.19,,
36440,171.87,,
36460,168.34,,
36480,166.82,,
36500,164.38,,
36520,158.94,,
36540,152.66,,
36560,150.34,,
36580,149.1,,
36600,146.41,,
36620,142.31,,
36640,138.59,,
36660,137.73,,
36680,138.39,,
36700,137.1,,
36720,137.05,,
36740,136.4,,
36760,133.63,,
36780,133.22,,
36800,139.43,,
36820,142.55,,
36840,141.86,,
36860,137.18,,
36880,135.77,,
36900,135,,
36920,136.83,,
36940,134.76,,
36960,135.25,,
36980,136.17,,
37000,135.71,,
37020,137.33,,
37040,137.33,,
37060,135.7,,
37080,135.98,,
37100,135.49,,
37120,136.19,,
37140,136.11,,
37160,135.95,,
37180,136.68,,
37200,136.74,,
37220,136.44,,
37240,136,,
37260,136.25,,
37280,135.78,,
37300,135.51,,
37320,135.51,,
37340,133.79,,
37360,135.51,,
37380,135.73,,
37400,136.74,,
37420,136.15,,
37440,135.71,,
37460,136.4,,
37480,139.94,,
37500,134.55,,
37520,134.76,,
37540,132.55,,
37560,131.78,,
37580,127.81,,
37600,133.07,,
37620,142.7,,
37640,139.59,,
37660,138.04,,
37680,137.56,,
37700,138.25,,
37720,138.92,,
37740,136.55,,
37760,137.1,,
37780,156,,
37800,135.71,,
37820,136.69,,
37840,136.49,,
37860,136.77,,
37880,137.8,,
37900,136.55,,
37920,136.55,,
37940,137.56,,
37960,137.53,,
37980,137.53,,
38000,137.82,,
38020,139.72,,
38040,138.09,,
38060,138.51,,
38080,136,,
38100,135.74,,
38120,135.74,,
38140,135.52,,
38160,136.52,,
38180,137.05,,
38200,136.56,,
38220,138.64,,
38240,152.18,,
38260,135.53,,
38280,137.1,,
38300,139.44,,
38320,163.52,,
38340,138.65,,
38360,142.51,,
38380,139.62,,
38400,135.71,,
38420,135.66,,
38440,138.98,,
38460,138.25,,
38480,137.56,,
38500,137.93,,
38520,140.05,,
38540,139.65,,
38560,139.61,,
38580,157.67,,
38600,140.61,,
38620,142.41,,
38640,139.54,,
38660,141.09,,
38680,141.6,,
38700,138.94,,
38720,141.02,,
38740,142.93,,
38760,142.01,,
38780,137.05,,
38800,140.15,,
38820,142.09,,
38840,139.66,,
38860,140.15,,
38880,139.44,,
38900,139.05,,
38920,141.74,,
38940,140.64,,
38960,140.11,,
38980,140.76,,
39000,142.79,,
39020,143.73,,
39040,141.64,,
39060,141.24,,
39080,141.84,,
39100,141.45,,
39120,143.66,,
39140,139.47,,
39160,140.11,,
39180,141.6,,
39200,142.09,,
39220,141.01,,
39240,142.13,,
39260,141.4,,
39280,139.33,,
39300,143.06,,
39320,144.7,,
39340,139.84,,
39360,144.83,,
39380,142.91,,
39400,141.01,,
39420,140.89,,
39440,141.34,,
39460,141.72,,
39480,141.01,,
39500,138.59,,
39520,135.73,,
39540,138.25,,
39560,136.2,,
39580,136.24,,
39600,137.77,,
39620,133.57,,
39640,132.77,,
39660,135.76,,
39680,133.79,,
39700,131.55,,
39720,131.52,,
39740,132.53,,
39760,131.02,,
39780,131.72,,
39800,131.75,,
39820,130.83,,
39840,131.15,,
39860,131.15,,
39880,129.98,,
39900,129.76,,
39920,129.5,,
39940,128.5,,
39960,128.93,,
39980,128.02,,
40000,124.96,,
40020,125.32,,
40040,123.89,,
40060,121.93,,
40080,123.58,,
40100,122.87,,
40120,123.28,,
40140,123.59,,
40160,121.79,,
40180,123.02,,
40200,122.11,,
40220,121.02,,
40240,120.9,,
40260,119.22,,
40280,117.19,,
40300,117.22,,
40320,117.22,,
40340,114.9,,
40360,114.23,,
40380,113.89,,
40400,113.39,,
40420,114.78,,
40440,113.2,,
40460,114.78,,
40480,115.92,,
40500,112.95,,
40520,113.89,,
40540,115.72,,
40560,114.7,,
40580,114.73,,
40600,115.39,,
40620,114.55,,
40640,113.59,,
40660,112.72,,
40680,112.49,,
40700,113.02,,
40720,110.39,,
40740,110.35,,
40760,110.76,,
40780,111.67,,
40800,112.12,,
40820,111.67,,
40840,112.12,,
40860,112.13,,
40880,110.34,,
40900,107.18,,
40920,107.27,,
40940,108.19,,
40960,108.81,,
40980,109.44,,
41000,97.31,,
41020,108.55,,
41040,109.89,,
41060,108.78,,
41080,109.48,,
41100,104.96,,
41120,107.9,,
41140,110.52,,
41160,113.86,,
41180,116.87,,
41200,114.27,,
41220,107.1,,
41240,107.98,,
41260,109.01,,
41280,110.01,,
41300,110.01,,
41320,110.68,,
41340,110.35,,
41360,110.39,,
41380,109.95,,
41400,109.6,,
41420,109.26,,
41440,108.67,,
41460,108.91,,
41480,108.68,,
41500,108.68,,
41520,109.04,,
41540,108.56,,
41560,108.91,,
41580,109.26,,
41600,109.6,,
41620,109.83,,
41640,109.83,,
41660,109.46,,
41680,109.7,,
41700,109.73,,
41720,108.68,,
41740,109.04,,
41760,109.04,,
41780,109.38,,
41800,109.38,,
41820,109.6,,
41840,109.6,,
41860,109.73,,
41880,108.2,,
41900,107.05,,
41920,107.33,,
41940,110.43,,
41960,110.64,,
41980,111.06,,
42000,110.73,,
42020,109.83,,
42040,109.6,,
42060,109.38,,
42080,109.63,,
42100,109.04,,
42120,108.68,,
42140,108.91,,
42160,109.04,,
42180,109.38,,
42200,109.13,,
42220,109.48,,
42240,108.68,,
42260,108.91,,
42280,109.63,,
42300,109.26,,
42320,109.48,,
42340,109.83,,
42360,109.7,,
42380,109.7,,
42400,109.7,,
42420,109.7,,
42440,109.73,,
42460,109.26,,
42480,108.67,,
42500,109.04,,
42520,109.04,,
42540,109.04,,
42560,108.91,,
42580,109.38,,
42600,109.73,,
42620,109.83,,
42640,110.51,,
42660,109.7,,
42680,109.7,,
42700,109.7,,
42720,109.48,,
42740,109.48,,
42760,109.7,,
42780,109.46,,
42800,109.83,,
42820,109.83,,
42840,109.6,,
42860,109.6,,
42880,109.7,,
42900,109.7,,
42920,109.7,,
42940,109.83,,
42960,109.48,,
42980,109.26,,
43000,109.38,,
43020,109.38,,
43040,108.91,,
43060,108.91,,
43080,108.91,,
43100,109.38,,
43120,109.38,,
43140,109.48,,
43160,109.7,,
43180,109.7,,
43200,109.7,,
43220,109.36,,
43240,109.26,,
43260,108.56,,
43280,109.16,,
43300,108.67,,
43320,109.38,,
43340,109.48,,
43360,109.48,,
43380,109.12,,
43400,109.36,,
43420,109.83,,
43440,109.48,,
43460,109.6,,
43480,108.67,,
43500,108.56,,
43520,108.91,,
43540,108.91,,
43560,108.56,,
43580,109.76,,
43600,109.98,,
43620,109.6,,
43640,109.48,,
43660,109.7,,
43680,109.7,,
43700,110.39,,
43720,109.7,,
43740,109.6,,
43760,109.26,,
43780,109.7,,
43800,109.7,,
43820,109.7,,
43840,109.6,,
43860,108.67,,
43880,108.91,,
43900,108.91,,
43920,109.04,,
43940,109.04,,
43960,108.91,,
43980,109.38,,
44000,109.6,,
44020,109.83,,
44040,109.7,,
44060,109.04,,
44080,109.04,,
44100,109.73,,
44120,109.26,,
44140,109.83,,
44160,109.7,,
44180,109.7,,
44200,109.7,,
44220,109.7,,
44240,109.48,,
44260,109.26,,
44280,110.39,,
44300,109.7,,
44320,109.36,,
44340,109.13,,
44360,109.38,,
44380,109.38,,
44400,109.04,,
44420,109.04,,
44440,109.04,,
44460,109.04,,
44480,109.38,,
44500,109.73,,
44520,109.48,,
44540,109.36,,
44560,109.7,,
44580,109.7,,
44600,109.36,,
44620,109.48,,
44640,109.26,,
44660,109.63,,
44680,108.68,,
44700,109.04,,
44720,108.91,,
44740,109.04,,
44760,109.38,,
44780,109.38,,
44800,109.04,,
44820,108.91,,
44840,108.56,,
44860,108.91,,
44880,109.26,,
44900,109.95,,
44920,109.36,,
44940,109.36,,
44960,109.46,,
44980,109.48,,
45000,109.83,,
45020,109.26,,
45040,108.67,,
45060,108.56,,
45080,109.04,,
45100,109.04,,
45120,109.04,,
45140,108.91,,
45160,109.38,,
45180,109.6,,
45200,109.83,,
45220,110.39,,
45240,110.51,,
45260,109.63,,
45280,109.38,,
45300,109.48,,
45320,108.68,,
45340,109.04,,
45360,108.67,,
45380,109.6,,
45400,109.6,,
45420,109.48,,
45440,109.36,,
45460,109.7,,
45480,109.7,,
45500,109.48,,
45520,109.26,,
45540,109.38,,
45560,108.91,,
45580,108.56,,
45600,109.04,,
45620,108.91,,
45640,109.98,,
45660,109.6,,
45680,109.6,,
45700,109.83,,
45720,110.39,,
45740,109.7,,
45760,109.73,,
45780,109.95,,
45800,109.83,,
45820,109.04,,
45840,109.38,,
45860,109.95,,
45880,109.83,,
45900,109.7,,
45920,109.7,,
45940,109.83,,
45960,109.83,,
45980,109.6,,
46000,109.26,,
46020,109.26,,
46040,108.32,,
46060,108.43,,
46080,108.43,,
46100,107.95,,
46120,107.22,,
46140,105.46,,
46160,109.26,,
46180,111.73,,
46200,113.44,,
46220,112.4,,
46240,112.13,,
46260,110.11,,
46280,103.54,,
46300,108.09,,
46320,108.32,,
46340,109.01,,
46360,109.73,,
46380,108.43,,
46400,109.48,,
46420,109.48,,
46440,112.08,,
46460,115.24,,
46480,115.3,,
46500,116.72,,
46520,119.26,,
46540,119.74,,
46560,121.02,,
46580,122.01,,
46600,123.59,,
46620,127.41,,
46640,123.5,,
46660,189.61,,
46680,99.02,,
46700,190.33,,
46720,132.21,,
46740,128.05,,
46760,127.32,,
46780,130.15,,
46800,127.81,,
46820,131.66,,
46840,130.49,,
46860,131.19,,
46880,129.03,,
46900,126.94,,
46920,132.07,,
46940,130.89,,
46960,129.26,,
46980,127.76,,
47000,128.48,,
47020,130.05,,
47040,128.26,,
47060,129.76,,
47080,132.73,,
47100,132.12,,
47120,130.49,,
47140,130.17,,
47160,128.26,,
47180,127.17,,
47200,128.35,,
47220,128.47,,
47240,100.35,,
47260,125.15,,
47280,117.49,,
47300,115.42,,
47320,131.34,,
47340,120.71,,
47360,142.54,,
47380,126.94,,
47400,122.16,,
47420,130.52,,
47440,122.06,,
47460,128.66,,
47480,128.26,,
47500,135.42,,
47520,128.81,,
47540,112.83,,
47560,127.97,,
47580,129.04,,
47600,115.53,,
47620,151.65,,
47640,111.5,,
47660,154.32,,
47680,160.91,,
47700,121.76,,
47720,140.19,,
47740,119.74,,
47760,126.77,,
47780,104.04,,
47800,174.56,,
47820,86.42,,
47840,124.34,,
47860,129.75,,
47880,137.85,,
47900,141.77,,
47920,143.03,,
47940,139.69,,
47960,112.11,,
47980,121.02,,
48000,136.72,,
48020,123.1,,
48040,135.56,,
48060,142.48,,
48080,129.2,,
48100,126.95,,
48120,126.95,,
48140,126.05,,
48160,132.07,,
48180,132.2,,
48200,134.48,,
48220,135.78,,
48240,131.91,,
48260,132.97,,
48280,133.03,,
48300,133.03,,
48320,132.57,,
48340,133.56,,
48360,135,,
48380,135.25,,
48400,136.01,,
48420,135.76,,
48440,135.76,,
48460,135.51,,
48480,134.75,,
48500,135.25,,
48520,135.76,,
48540,136.55,,
48560,135.25,,
48580,136.01,,
48600,136.51,,
48620,137.31,,
48640,135,,
48660,135.25,,
48680,136.04,,
48700,135.51,,
48720,137.1,,
48740,136.81,,
48760,136.55,,
48780,138.92,,
48800,138.09,,
48820,136.81,,
48840,136.02,,
48860,136.83,,
48880,137.35,,
48900,136.81,,
48920,136.56,,
48940,135.52,,
48960,136.81,,
48980,138.18,,
49000,137.1,,
49020,136.83,,
49040,136.3,,
49060,137.35,,
49080,138.67,,
49100,137.35,,
49120,136.83,,
49140,136.56,,
49160,137.68,,
49180,137.65,,
49200,136.56,,
49220,136.55,,
49240,137.1,,
49260,136.04,,
49280,135.77,,
49300,136.55,,
49320,134.5,,
49340,135.76,,
49360,134.5,,
49380,135.25,,
49400,135,,
49420,135.26,,
49440,136.56,,
49460,136.59,,
49480,135.78,,
49500,136.58,,
49520,137.98,,
49540,140.03,,
49560,135.55,,
49580,138.21,,
49600,138.95,,
49620,137.93,,
49640,136.42,,
49660,127.41,,
49680,136.29,,
49700,138.51,,
49720,137.58,,
49740,137.35,,
49760,136.31,,
49780,135.26,,
49800,134.74,,
49820,134.47,,
49840,135.26,,
49860,136.21,,
49880,131.38,,
49900,130.72,,
49920,134.73,,
49940,127.08,,
49960,130.72,,
49980,130.91,,
50000,131.12,,
50020,131.6,,
50040,133.14,,
50060,132.94,,
50080,128.66,,
50100,127.23,,
50120,126.43,,
50140,130.01,,
50160,127.55,,
50180,127.44,,
50200,128.55,,
50220,129.67,,
50240,131.47,,
50260,124.26,,
50280,126.33,,
50300,127.34,,
50320,129.04,,
50340,128.95,,
50360,122.82,,
50380,124.16,,
50400,125.74,,
50420,123.01,,
50440,122.82,,
50460,122.98,,
50480,120.13,,
50500,119.97,,
50520,119.19,,
50540,116.24,,
50560,115.77,,
50580,122.28,,
50600,122.21,,
50620,120.7,,
50640,116.57,,
50660,117.86,,
50680,117.84,,
50700,117.57,,
50720,119.34,,
50740,120.37,,
50760,114.54,,
50780,118.86,,
50800,124.05,,
50820,120.33,,
50840,118.38,,
50860,120.07,,
50880,120.9,,
50900,123.58,,
50920,127.91,,
50940,130.28,,
50960,129.81,,
50980,130.93,,
51000,131.51,,
51020,133.32,,
51040,133.06,,
51060,135,,
51080,130.18,,
51100,114.98,,
51120,138.5,,
51140,139.13,,
51160,121.73,,
51180,128.16,,
51200,129.49,,
51220,132.79,,
51240,131.72,,
51260,131.86,,
51280,132.79,,
51300,134.24,,
51320,134.25,,
51340,132.77,,
51360,132.73,,
51380,132.25,,
51400,131.39,,
51420,132.2,,
51440,129.76,,
51460,129.49,,
51480,136.52,,
51500,123.21,,
51520,129.52,,
51540,132.6,,
51560,135,,
51580,125.62,,
51600,128.84,,
51620,128.72,,
51640,129.01,,
51660,135,,
51680,132.79,,
51700,129.34,,
51720,129.76,,
51740,130.84,,
51760,131.72,,
51780,130.49,,
51800,131.12,,
51820,131.19,,
51840,130.72,,
51860,129.34,,
51880,130.64,,
51900,132.97,,
51920,132.86,,
51940,140.1,,
51960,134.45,,
51980,132.35,,
52000,132.2,,
52020,132.4,,
52040,130.68,,
52060,129.67,,
52080,128.84,,
52100,128.54,,
52120,129.41,,
52140,135.88,,
52160,134.48,,
52180,134.46,,
52200,130.56,,
52220,132.11,,
52240,133.76,,
52260,130.86,,
52280,131.25,,
52300,132.71,,
52320,134.74,,
52340,132.25,,
52360,131.75,,
52380,131.52,,
52400,130.16,,
52420,132.95,,
52440,128.45,,
52460,130.72,,
52480,132.4,,
52500,131.72,,
52520,130.95,,
52540,130.95,,
52560,133.15,,
52580,131.88,,
52600,134.5,,
52620,132.32,,
52640,131.78,,
52660,131.99,,
52680,130.45,,
52700,130.41,,
52720,131.88,,
52740,132.69,,
52760,132.01,,
52780,134,,
52800,134.26,,
52820,132.14,,
52840,132.55,,
52860,131.78,,
52880,132.53,,
52900,134.01,,
52920,132.88,,
52940,129.52,,
52960,128.71,,
52980,132.2,,
53000,132.95,,
53020,131.91,,
53040,133.41,,
53060,128.72,,
53080,120.28,,
53100,132.35,,
53120,133.44,,
53140,133.39,,
53160,134.19,,
53180,133.95,,
53200,139.95,,
53220,140.41,,
53240,127.87,,
53260,118.18,,
53280,125.17,,
53300,125.54,,
53320,127.72,,
53340,128.66,,
53360,130.68,,
53380,130.64,,
53400,129.9,,
53420,130.38,,
53440,130.64,,
53460,130.95,,
53480,130.13,,
53500,130.22,,
53520,129.72,,
53540,131.44,,
53560,132.44,,
53580,131.09,,
53600,130.72,,
53620,132.4,,
53640,129.71,,
53660,128.24,,
53680,130.56,,
53700,130.82,,
53720,129.52,,
53740,128.77,,
53760,128.26,,
53780,126.66,,
53800,129.5,,
53820,131.55,,
53840,132.01,,
53860,131.49,,
53880,131.33,,
53900,130.41,,
53920,129.57,,
53940,129.35,,
53960,129.66,,
53980,128.49,,
54000,129.6,,
54020,130.17,,
54040,127.04,,
54060,142.73,,
54080,132.47,,
54100,127.72,,
54120,128.77,,
54140,129.81,,
54160,129.76,,
54180,130.34,,
54200,129.67,,
54220,129.34,,
54240,129.7,,
54260,130.84,,
54280,130.52,,
54300,131.91,,
54320,132.44,,
54340,132.3,,
54360,130.34,,
54380,129.11,,
54400,130.52,,
54420,129.21,,
54440,131.01,,
54460,132.55,,
54480,134.04,,
54500,132.57,,
54520,130.42,,
54540,127.84,,
54560,130.41,,
54580,133.15,,
54600,131.63,,
54620,130.72,,
54640,131.28,,
54660,132.47,,
54680,131.58,,
54700,130.03,,
54720,132.55,,
54740,130.83,,
54760,132.77,,
54780,132.67,,
54800,131.75,,
54820,133.06,,
54840,133.32,,
54860,129.85,,
54880,133.79,,
54900,131.86,,
54920,131.88,,
54940,134.49,,
54960,129.57,,
54980,131.57,,
55000,137.01,,
55020,127.92,,
55040,134.24,,
55060,143.77,,
55080,137.29,,
55100,137.78,,
55120,151.76,,
55140,128.31,,
55160,112.01,,
55180,52.13,,
55200,198.37,,
55220,101.71,,
55240,123.28,,
55260,125.91,,
55280,125.54,,
55300,126.94,,
55320,124.4,,
55340,127.84,,
55360,129,,
55380,130,,
55400,130.15,,
55420,130.01,,
55440,132.51,,
55460,134.45,,
55480,136.37,,
55500,137.7,,
55520,139.81,,
55540,141.76,,
55560,145.28,,
55580,152.43,,
55600,164.78,,
55620,165.86,,
55640,173.08,,
55660,180,,
55680,188.91,,
55700,196.81,,
55720,201.46,,
55740,206.4,,
55760,208.55,,
55780,206.73,,
55800,206.57,,
55820,206.07,,
55840,204.6,,
55860,212.71,,
55880,196.57,,
55900,199.72,,
55920,200.68,,
55940,200.14,,
55960,199.8,,
55980,199.34,,
56000,197.99,,
56020,198.33,,
56040,197.69,,
56060,196.64,,
56080,197.92,,
56100,201.32,,
56120,201.2,,
56140,201.99,,
56160,204.92,,
56180,203.38,,
56200,203.69,,
56220,206.11,,
56240,208.56,,
56260,208.66,,
56280,202.28,,
56300,204.41,,
56320,219.97,,
56340,206.19,,
56360,213.94,,
56380,215.29,,
56400,200.17,,
56420,202.03,,
56440,206.06,,
56460,205.62,,
56480,205.62,,
56500,208.01,,
56520,204.87,,
56540,216.8,,
56560,203.43,,
56580,200.81,,
56600,204.6,,
56620,199.09,,
56640,199.19,,
56660,200.19,,
56680,203.7,,
56700,206.99,,
56720,202.75,,
56740,193.7,,
56760,205.03,,
56780,204.9,,
56800,190.58,,
56820,193.7,,
56840,198.77,,
56860,203.29,,
56880,204.09,,
56900,198.43,,
56920,202.22,,
56940,204.95,,
56960,208.13,,
56980,209.32,,
57000,200.07,,
57020,205.58,,
57040,206.72,,
57060,200.79,,
57080,202.06,,
57100,203.85,,
57120,202.92,,
57140,202.32,,
57160,204.7,,
57180,204.72,,
57200,207.22,,
57220,207.84,,
57240,203.05,,
57260,205.45,,
57280,203.29,,
57300,206.11,,
57320,205.45,,
57340,206.41,,
57360,204.87,,
57380,202.38,,
57400,204.95,,
57420,204.23,,
57440,208.4,,
57460,210.71,,
57480,208.01,,
57500,206.41,,
57520,209.3,,
57540,204.95,,
57560,204.53,,
57580,207.65,,
57600,200.26,,
57620,201.94,,
57640,204.66,,
57660,201.16,,
57680,202.46,,
57700,200.93,,
57720,203.15,,
57740,204.72,,
57760,204.08,,
57780,206.73,,
57800,207.54,,
57820,205.12,,
57840,205.91,,
57860,203.48,,
57880,206.41,,
57900,207.22,,
57920,203.96,,
57940,206.24,,
57960,205.14,,
57980,205.49,,
58000,204.44,,
58020,202.25,,
58040,200.52,,
58060,201.93,,
58080,201.93,,
58100,199.32,,
58120,203.2,,
58140,200.93,,
58160,203.15,,
58180,202.48,,
58200,199,,
58220,206.4,,
58240,208.52,,
58260,208.78,,
58280,210.26,,
58300,208.11,,
58320,207.84,,
58340,208.9,,
58360,202.22,,
58380,200.87,,
58400,194.93,,
58420,196.73,,
58440,197.92,,
58460,199.79,,
58480,202.11,,
58500,199.72,,
58520,201.68,,
58540,201.2,,
58560,203.63,,
58580,201.99,,
58600,207.19,,
58620,200.9,,
58640,201.31,,
58660,202.7,,
58680,199.68,,
58700,198.01,,
58720,200.16,,
58740,199.21,,
58760,202.32,,
58780,203.55,,
58800,208.61,,
58820,206.86,,
58840,209.54,,
58860,210.28,,
58880,205.12,,
58900,206.88,,
58920,205.46,,
58940,205.62,,
58960,207.04,,
58980,206.72,,
59000,211.68,,
59020,210.28,,
59040,207.6,,
59060,209.34,,
59080,210.84,,
59100,210.84,,
59120,213.2,,
59140,214.81,,
59160,212.04,,
59180,212.78,,
59200,210.77,,
59220,212.01,,
59240,211.51,,
59260,213.26,,
59280,219.08,,
59300,222.1,,
59320,218.55,,
59340,218.22,,
59360,219.81,,
59380,218.55,,
59400,218,,
59420,217.57,,
59440,217.57,,
59460,216.1,,
59480,215.78,,
59500,213.5,,
59520,212.37,,
59540,211.08,,
59560,211.25,,
59580,209.32,,
59600,209.74,,
59620,209.32,,
59640,207.47,,
59660,207.33,,
59680,207.33,,
59700,208.56,,
59720,209.32,,
59740,209.79,,
59760,209.79,,
59780,208.89,,
59800,208.89,,
59820,209.32,,
59840,209.32,,
59860,209.79,,
59880,209.66,,
59900,209.66,,
59920,208.89,,
59940,208.72,,
59960,208.58,,
59980,208.58,,
60000,208.89,,
60020,208.58,,
60040,208.89,,
60060,209.05,,
60080,206.72,,
60100,207.33,,
60120,207.65,,
60140,207.65,,
60160,207.17,,
60180,205.81,,
60200,206.11,,
60220,206.41,,
60240,206.26,,
60260,206.57,,
60280,206.72,,
60300,206.41,,
60320,206.41,,
60340,206.41,,
60360,207.03,,
60380,206.72,,
60400,206.72,,
60420,206.41,,
60440,206.72,,
60460,206.41,,
60480,206.41,,
60500,207.03,,
60520,207.03,,
60540,207.03,,
60560,206.72,,
60580,206.72,,
60600,206.41,,
60620,206.72,,
60640,206.72,,
60660,206.72,,
60680,206.72,,
60700,206.72,,
60720,206.72,,
60740,206.72,,
60760,206.41,,
60780,206.72,,
60800,206.72,,
60820,206.72,,
60840,206.41,,
60860,206.57,,
60880,206.41,,
60900,206.72,,
60920,206.72,,
60940,207.03,,
60960,206.72,,
60980,206.72,,
61000,206.72,,
61020,206.72,,
61040,206.41,,
61060,206.72,,
61080,206.41,,
61100,206.72,,
61120,206.41,,
61140,206.41,,
61160,206.72,,
61180,206.41,,
61200,206.72,,
61220,206.72,,
61240,206.72,,
61260,206.41,,
61280,206.72,,
61300,206.72,,
61320,207.03,,
61340,206.72,,
61360,206.41,,
61380,206.1,,
61400,206.41,,
61420,206.72,,
61440,206.57,,
61460,206.72,,
61480,206.26,,
61500,206.57,,
61520,206.41,,
61540,206.72,,
61560,206.72,,
61580,206.41,,
61600,206.72,,
61620,206.72,,
61640,206.41,,
61660,206.41,,
61680,206.72,,
61700,206.72,,
61720,206.72,,
61740,206.72,,
61760,206.72,,
61780,207.03,,
61800,206.72,,
61820,206.26,,
61840,206.72,,
61860,206.72,,
61880,206.72,,
61900,206.41,,
61920,206.26,,
61940,206.72,,
61960,206.26,,
61980,205.79,,
62000,206.57,,
62020,207.65,,
62040,207.33,,
62060,206.57,,
62080,206.41,,
62100,206.72,,
62120,206.72,,
62140,206.72,,
62160,206.57,,
62180,206.26,,
62200,206.26,,
62220,206.41,,
62240,206.26,,
62260,206.11,,
